BUILD: [Thread:SystemTickCount:Type  ] Message
BUILD: [00:0000000000:PROGC ] Build started with parameters:
BUILD: [00:0000000000:PROGC ] Build started in directory: C:\WINCE800\OSDesigns\QEMU\QEMU\uafxcwce
BUILD: [00:0000000000:PROG  ] Environment: ALLUSERSPROFILE=C:\ProgramData
BUILD: [00:0000000000:PROG  ] Environment: APPDATA=C:\Users\andyv\AppData\Roaming
BUILD: [00:0000000000:PROG  ] Environment: BSP_DISPLAY_HFLAT=1
BUILD: [00:0000000000:PROG  ] Environment: BUILD_DEFAULT=-nmake -nologo
BUILD: [00:0000000000:PROG  ] Environment: BUILD_MULTIPROCESSOR=0
BUILD: [00:0000000000:PROG  ] Environment: CEBASE=1
BUILD: [00:0000000000:PROG  ] Environment: CommonProgramFiles=C:\Program Files (x86)\Common Files
BUILD: [00:0000000000:PROG  ] Environment: CommonProgramFiles(Arm)=C:\Program Files (Arm)\Common Files
BUILD: [00:0000000000:PROG  ] Environment: CommonProgramFiles(x86)=C:\Program Files (x86)\Common Files
BUILD: [00:0000000000:PROG  ] Environment: CommonProgramW6432=C:\Program Files\Common Files
BUILD: [00:0000000000:PROG  ] Environment: COMPUTERNAME=ANDY_VM
BUILD: [00:0000000000:PROG  ] Environment: ComSpec=C:\WINDOWS\system32\cmd.exe
BUILD: [00:0000000000:PROG  ] Environment: COPYCMD=/y
BUILD: [00:0000000000:PROG  ] Environment: DEFAULT_LOCALE=en-US
BUILD: [00:0000000000:PROG  ] Environment: DriverData=C:\Windows\System32\Drivers\DriverData
BUILD: [00:0000000000:PROG  ] Environment: EDPATH=C:\WATCOM\EDDAT
BUILD: [00:0000000000:PROG  ] Environment: EFC_1152_1592913036=1
BUILD: [00:0000000000:PROG  ] Environment: FPS_BROWSER_APP_PROFILE_STRING=Internet Explorer
BUILD: [00:0000000000:PROG  ] Environment: FPS_BROWSER_USER_PROFILE_STRING=Default
BUILD: [00:0000000000:PROG  ] Environment: HOMEDRIVE=C:
BUILD: [00:0000000000:PROG  ] Environment: HOMEPATH=\Users\andyv
BUILD: [00:0000000000:PROG  ] Environment: IMGEBOOT=1
BUILD: [00:0000000000:PROG  ] Environment: IMGNODEBUGGER=1
BUILD: [00:0000000000:PROG  ] Environment: LOCALAPPDATA=C:\Users\andyv\AppData\Local
BUILD: [00:0000000000:PROG  ] Environment: LOCALE=0409
BUILD: [00:0000000000:PROG  ] Environment: LOGONSERVER=\\ANDY_VM
BUILD: [00:0000000000:PROG  ] Environment: MSBuildLoadMicrosoftTargetsReadOnly=true
BUILD: [00:0000000000:PROG  ] Environment: NUMBER_OF_PROCESSORS=2
BUILD: [00:0000000000:PROG  ] Environment: OneDrive=C:\Users\andyv\OneDrive
BUILD: [00:0000000000:PROG  ] Environment: OneDriveConsumer=C:\Users\andyv\OneDrive
BUILD: [00:0000000000:PROG  ] Environment: OS=Windows_NT
BUILD: [00:0000000000:PROG  ] Environment: Path=C:\WINCE800\sdk\bin\i386\ARM;C:\WINCE800\sdk\bin\i386;C:\WINCE800\sdk\bin\i386\ARM;C:\WINCE800\public\common\oak\Bin\i386;C:\WINCE800\private\bin\i386;C:\WINCE800\private\bat;C:\WINCE800\public\common\oak\misc;C:\WINCE800\developr\andyv;C:\Program Files (x86)\Microsoft Visual Studio 12.0\Common7\IDE\CommonExtensions\Microsoft\TeamFoundation\Team Explorer\NativeBinaries/x86;C:\WATCOM\BINNT;C:\WATCOM\BINW;C:\WINDOWS\system32;C:\WINDOWS;C:\WINDOWS\System32\Wbem;C:\WINDOWS\System32\WindowsPowerShell\v1.0\;C:\WINDOWS\System32\OpenSSH\;c:\Program Files (x86)\Microsoft SQL Server\90\Tools\binn\;C:\Program Files (x86)\Windows Kits\8.1\Windows Performance Toolkit\;C:\Program Files\Microsoft SQL Server\110\Tools\Binn\;C:\Program Files (x86)\Microsoft SDKs\TypeScript\1.0\;C:\Program Files\Microsoft SQL Server\120\Tools\Binn\;C:\Users\andyv\AppData\Local\Microsoft\WindowsApps;;C:\WINDOWS\system32;C:\WINDOWS;C:\Program Files (x86)\Microsoft Platform Builder\8.00\cepb\ideVS
BUILD: [00:0000000000:PROG  ] Environment: PATHEXT=.COM;.EXE;.BAT;.CMD;.VBS;.VBE;.JS;.JSE;.WSF;.WSH;.MSC
BUILD: [00:0000000000:PROG  ] Environment: PBCONFIG=QEMU ARMV7 Release
BUILD: [00:0000000000:PROG  ] Environment: PBCONFIGTAG=C4B80793
BUILD: [00:0000000000:PROG  ] Environment: PBWORKSPACE=C:\WINCE800\OSDESI~1\QEMU\QEMU\QEMU~1.PBX
BUILD: [00:0000000000:PROG  ] Environment: PBWORKSPACEROOT=C:\WINCE800\OSDesigns\QEMU\QEMU
BUILD: [00:0000000000:PROG  ] Environment: PkgDefApplicationConfigFile=C:\Users\andyv\AppData\Local\Microsoft\VisualStudio\12.0\devenv.exe.config
BUILD: [00:0000000000:PROG  ] Environment: PROCESSOR_ARCHITECTURE=x86
BUILD: [00:0000000000:PROG  ] Environment: PROCESSOR_ARCHITEW6432=ARM64
BUILD: [00:0000000000:PROG  ] Environment: PROCESSOR_IDENTIFIER=ARMv8 (64-bit) Family 8 Model 0 Revision   0, Apple
BUILD: [00:0000000000:PROG  ] Environment: PROCESSOR_LEVEL=0
BUILD: [00:0000000000:PROG  ] Environment: PROCESSOR_REVISION=0000
BUILD: [00:0000000000:PROG  ] Environment: ProgramData=C:\ProgramData
BUILD: [00:0000000000:PROG  ] Environment: ProgramFiles=C:\Program Files (x86)
BUILD: [00:0000000000:PROG  ] Environment: ProgramFiles(Arm)=C:\Program Files (Arm)
BUILD: [00:0000000000:PROG  ] Environment: ProgramFiles(x86)=C:\Program Files (x86)
BUILD: [00:0000000000:PROG  ] Environment: ProgramW6432=C:\Program Files
BUILD: [00:0000000000:PROG  ] Environment: PROMPT=$P$G
BUILD: [00:0000000000:PROG  ] Environment: PSModulePath=C:\Program Files\WindowsPowerShell\Modules;C:\WINDOWS\system32\WindowsPowerShell\v1.0\Modules
BUILD: [00:0000000000:PROG  ] Environment: PUBLIC=C:\Users\Public
BUILD: [00:0000000000:PROG  ] Environment: SESSIONNAME=Console
BUILD: [00:0000000000:PROG  ] Environment: SG_OUTPUT_ROOT=C:\WINCE800\OSDesigns\QEMU\QEMU\Wince800\qemu_ARMV7_Retail\cesysgen
BUILD: [00:0000000000:PROG  ] Environment: SYSGEN_ACCESSIB=1
BUILD: [00:0000000000:PROG  ] Environment: SYSGEN_APPDEBUG=1
BUILD: [00:0000000000:PROG  ] Environment: SYSGEN_ATL=1
BUILD: [00:0000000000:PROG  ] Environment: SYSGEN_AUDIO=1
BUILD: [00:0000000000:PROG  ] Environment: SYSGEN_AUTH=1
BUILD: [00:0000000000:PROG  ] Environment: SYSGEN_AUTH_KERBEROS=1
BUILD: [00:0000000000:PROG  ] Environment: SYSGEN_AUTH_NTLM=1
BUILD: [00:0000000000:PROG  ] Environment: SYSGEN_AUTH_SCHANNEL=1
BUILD: [00:0000000000:PROG  ] Environment: SYSGEN_BINFS=1
BUILD: [00:0000000000:PROG  ] Environment: SYSGEN_BRIDGE=1
BUILD: [00:0000000000:PROG  ] Environment: SYSGEN_CACHEFILT=1
BUILD: [00:0000000000:PROG  ] Environment: SYSGEN_CERTS=1
BUILD: [00:0000000000:PROG  ] Environment: SYSGEN_CMD=1
BUILD: [00:0000000000:PROG  ] Environment: SYSGEN_CNG_CORE=1
BUILD: [00:0000000000:PROG  ] Environment: SYSGEN_CNG_KEYS=1
BUILD: [00:0000000000:PROG  ] Environment: SYSGEN_COMMCTRL=1
BUILD: [00:0000000000:PROG  ] Environment: SYSGEN_COMMDLG=1
BUILD: [00:0000000000:PROG  ] Environment: SYSGEN_CONNMC=1
BUILD: [00:0000000000:PROG  ] Environment: SYSGEN_CONNMGR2=1
BUILD: [00:0000000000:PROG  ] Environment: SYSGEN_CONSOLE=1
BUILD: [00:0000000000:PROG  ] Environment: SYSGEN_CREDMAN=1
BUILD: [00:0000000000:PROG  ] Environment: SYSGEN_CRYPTO=1
BUILD: [00:0000000000:PROG  ] Environment: SYSGEN_CRYPTO_DSSDH=1
BUILD: [00:0000000000:PROG  ] Environment: SYSGEN_CTLPNL2=1
BUILD: [00:0000000000:PROG  ] Environment: SYSGEN_CURSOR=1
BUILD: [00:0000000000:PROG  ] Environment: SYSGEN_DATETIMECPL=1
BUILD: [00:0000000000:PROG  ] Environment: SYSGEN_DCOM=1
BUILD: [00:0000000000:PROG  ] Environment: SYSGEN_DDRAW=1
BUILD: [00:0000000000:PROG  ] Environment: SYSGEN_DISPLAYCPL=1
BUILD: [00:0000000000:PROG  ] Environment: SYSGEN_DNSAPI=1
BUILD: [00:0000000000:PROG  ] Environment: SYSGEN_DSHOW=1
BUILD: [00:0000000000:PROG  ] Environment: SYSGEN_DSHOW_AVI=1
BUILD: [00:0000000000:PROG  ] Environment: SYSGEN_DSHOW_CAPTURE=1
BUILD: [00:0000000000:PROG  ] Environment: SYSGEN_DSHOW_HTTPSTREAMER=1
BUILD: [00:0000000000:PROG  ] Environment: SYSGEN_DSHOW_ICM=1
BUILD: [00:0000000000:PROG  ] Environment: SYSGEN_DSHOW_IMAGEDECODER=1
BUILD: [00:0000000000:PROG  ] Environment: SYSGEN_DSHOW_LOCALSTREAMER=1
BUILD: [00:0000000000:PROG  ] Environment: SYSGEN_DSHOW_MP3=1
BUILD: [00:0000000000:PROG  ] Environment: SYSGEN_DSHOW_MP4DEMUX=1
BUILD: [00:0000000000:PROG  ] Environment: SYSGEN_DSHOW_MPEG2DEMUX=1
BUILD: [00:0000000000:PROG  ] Environment: SYSGEN_DSHOW_MPEGA=1
BUILD: [00:0000000000:PROG  ] Environment: SYSGEN_DSHOW_MPEGSPLITTER=1
BUILD: [00:0000000000:PROG  ] Environment: SYSGEN_DSHOW_MPEGV=1
BUILD: [00:0000000000:PROG  ] Environment: SYSGEN_DSHOW_MSRLE=1
BUILD: [00:0000000000:PROG  ] Environment: SYSGEN_DSHOW_VMR=1
BUILD: [00:0000000000:PROG  ] Environment: SYSGEN_DSHOW_WMA=1
BUILD: [00:0000000000:PROG  ] Environment: SYSGEN_DSHOW_WMA_VOICE=1
BUILD: [00:0000000000:PROG  ] Environment: SYSGEN_DSHOW_WMT=1
BUILD: [00:0000000000:PROG  ] Environment: SYSGEN_EAP=1
BUILD: [00:0000000000:PROG  ] Environment: SYSGEN_EAPHOST=1
BUILD: [00:0000000000:PROG  ] Environment: SYSGEN_ETHERNETCPL=1
BUILD: [00:0000000000:PROG  ] Environment: SYSGEN_ETH_80211_NWIFI=1
BUILD: [00:0000000000:PROG  ] Environment: SYSGEN_ETH_USB_HOST=1
BUILD: [00:0000000000:PROG  ] Environment: SYSGEN_FATFS=1
BUILD: [00:0000000000:PROG  ] Environment: SYSGEN_FATUTIL_NOUI=1
BUILD: [00:0000000000:PROG  ] Environment: SYSGEN_FIREWALL=1
BUILD: [00:0000000000:PROG  ] Environment: SYSGEN_FONTS_ARIAL=1
BUILD: [00:0000000000:PROG  ] Environment: SYSGEN_FONTS_ARIALBD=1
BUILD: [00:0000000000:PROG  ] Environment: SYSGEN_FONTS_ARIALBI=1
BUILD: [00:0000000000:PROG  ] Environment: SYSGEN_FONTS_ARIALI=1
BUILD: [00:0000000000:PROG  ] Environment: SYSGEN_FONTS_ARIBLK=1
BUILD: [00:0000000000:PROG  ] Environment: SYSGEN_FONTS_COMIC=1
BUILD: [00:0000000000:PROG  ] Environment: SYSGEN_FONTS_COMICBD=1
BUILD: [00:0000000000:PROG  ] Environment: SYSGEN_FONTS_COUR=1
BUILD: [00:0000000000:PROG  ] Environment: SYSGEN_FONTS_COURBD=1
BUILD: [00:0000000000:PROG  ] Environment: SYSGEN_FONTS_COURBI=1
BUILD: [00:0000000000:PROG  ] Environment: SYSGEN_FONTS_COURI=1
BUILD: [00:0000000000:PROG  ] Environment: SYSGEN_FONTS_EUPHEMIA=1
BUILD: [00:0000000000:PROG  ] Environment: SYSGEN_FONTS_GAUTAMI=1
BUILD: [00:0000000000:PROG  ] Environment: SYSGEN_FONTS_GAUTAMIB=1
BUILD: [00:0000000000:PROG  ] Environment: SYSGEN_FONTS_GEORGIA=1
BUILD: [00:0000000000:PROG  ] Environment: SYSGEN_FONTS_GEORGIAB=1
BUILD: [00:0000000000:PROG  ] Environment: SYSGEN_FONTS_GEORGIAI=1
BUILD: [00:0000000000:PROG  ] Environment: SYSGEN_FONTS_GEORGIAZ=1
BUILD: [00:0000000000:PROG  ] Environment: SYSGEN_FONTS_ISKPOTA=1
BUILD: [00:0000000000:PROG  ] Environment: SYSGEN_FONTS_ISKPOTAB=1
BUILD: [00:0000000000:PROG  ] Environment: SYSGEN_FONTS_KALINGA=1
BUILD: [00:0000000000:PROG  ] Environment: SYSGEN_FONTS_KALINGAB=1
BUILD: [00:0000000000:PROG  ] Environment: SYSGEN_FONTS_KARTIKA=1
BUILD: [00:0000000000:PROG  ] Environment: SYSGEN_FONTS_KARTIKAB=1
BUILD: [00:0000000000:PROG  ] Environment: SYSGEN_FONTS_LATHA=1
BUILD: [00:0000000000:PROG  ] Environment: SYSGEN_FONTS_LATHAB=1
BUILD: [00:0000000000:PROG  ] Environment: SYSGEN_FONTS_MALGUN=1
BUILD: [00:0000000000:PROG  ] Environment: SYSGEN_FONTS_MALGUNBD=1
BUILD: [00:0000000000:PROG  ] Environment: SYSGEN_FONTS_MANGAL=1
BUILD: [00:0000000000:PROG  ] Environment: SYSGEN_FONTS_MANGALB=1
BUILD: [00:0000000000:PROG  ] Environment: SYSGEN_FONTS_MEIRYO=1
BUILD: [00:0000000000:PROG  ] Environment: SYSGEN_FONTS_MEIRYOB=1
BUILD: [00:0000000000:PROG  ] Environment: SYSGEN_FONTS_MICROSS=1
BUILD: [00:0000000000:PROG  ] Environment: SYSGEN_FONTS_MINGLIU=1
BUILD: [00:0000000000:PROG  ] Environment: SYSGEN_FONTS_MINGLIUB=1
BUILD: [00:0000000000:PROG  ] Environment: SYSGEN_FONTS_MSGOTHIC=1
BUILD: [00:0000000000:PROG  ] Environment: SYSGEN_FONTS_MSJH=1
BUILD: [00:0000000000:PROG  ] Environment: SYSGEN_FONTS_MSJHBD=1
BUILD: [00:0000000000:PROG  ] Environment: SYSGEN_FONTS_MSMINCHO=1
BUILD: [00:0000000000:PROG  ] Environment: SYSGEN_FONTS_MSYH=1
BUILD: [00:0000000000:PROG  ] Environment: SYSGEN_FONTS_MSYHBD=1
BUILD: [00:0000000000:PROG  ] Environment: SYSGEN_FONTS_RAAVI=1
BUILD: [00:0000000000:PROG  ] Environment: SYSGEN_FONTS_RAAVIB=1
BUILD: [00:0000000000:PROG  ] Environment: SYSGEN_FONTS_SEGOEUIB=1
BUILD: [00:0000000000:PROG  ] Environment: SYSGEN_FONTS_SEGOEUII=1
BUILD: [00:0000000000:PROG  ] Environment: SYSGEN_FONTS_SEGOEUIL=1
BUILD: [00:0000000000:PROG  ] Environment: SYSGEN_FONTS_SEGOEUIZ=1
BUILD: [00:0000000000:PROG  ] Environment: SYSGEN_FONTS_SEGUISB=1
BUILD: [00:0000000000:PROG  ] Environment: SYSGEN_FONTS_SHRUTI=1
BUILD: [00:0000000000:PROG  ] Environment: SYSGEN_FONTS_SHRUTIB=1
BUILD: [00:0000000000:PROG  ] Environment: SYSGEN_FONTS_SIMSUN=1
BUILD: [00:0000000000:PROG  ] Environment: SYSGEN_FONTS_SIMSUNB=1
BUILD: [00:0000000000:PROG  ] Environment: SYSGEN_FONTS_SYMBOL=1
BUILD: [00:0000000000:PROG  ] Environment: SYSGEN_FONTS_TAHOMA=1
BUILD: [00:0000000000:PROG  ] Environment: SYSGEN_FONTS_TAHOMABD=1
BUILD: [00:0000000000:PROG  ] Environment: SYSGEN_FONTS_TIMES=1
BUILD: [00:0000000000:PROG  ] Environment: SYSGEN_FONTS_TIMESBD=1
BUILD: [00:0000000000:PROG  ] Environment: SYSGEN_FONTS_TIMESBI=1
BUILD: [00:0000000000:PROG  ] Environment: SYSGEN_FONTS_TIMESI=1
BUILD: [00:0000000000:PROG  ] Environment: SYSGEN_FONTS_TREBUC=1
BUILD: [00:0000000000:PROG  ] Environment: SYSGEN_FONTS_TREBUCBD=1
BUILD: [00:0000000000:PROG  ] Environment: SYSGEN_FONTS_TREBUCBI=1
BUILD: [00:0000000000:PROG  ] Environment: SYSGEN_FONTS_TREBUCIT=1
BUILD: [00:0000000000:PROG  ] Environment: SYSGEN_FONTS_TUNGA=1
BUILD: [00:0000000000:PROG  ] Environment: SYSGEN_FONTS_TUNGAB=1
BUILD: [00:0000000000:PROG  ] Environment: SYSGEN_FONTS_VERDANA=1
BUILD: [00:0000000000:PROG  ] Environment: SYSGEN_FONTS_VERDANAB=1
BUILD: [00:0000000000:PROG  ] Environment: SYSGEN_FONTS_VERDANAI=1
BUILD: [00:0000000000:PROG  ] Environment: SYSGEN_FONTS_VERDANAZ=1
BUILD: [00:0000000000:PROG  ] Environment: SYSGEN_FONTS_VRINDA=1
BUILD: [00:0000000000:PROG  ] Environment: SYSGEN_FONTS_VRINDAB=1
BUILD: [00:0000000000:PROG  ] Environment: SYSGEN_FONTS_WEBDINGS=1
BUILD: [00:0000000000:PROG  ] Environment: SYSGEN_FONTS_WINGDING=1
BUILD: [00:0000000000:PROG  ] Environment: SYSGEN_FSDBASE=1
BUILD: [00:0000000000:PROG  ] Environment: SYSGEN_FSRAMROM=1
BUILD: [00:0000000000:PROG  ] Environment: SYSGEN_FSREGRAM=1
BUILD: [00:0000000000:PROG  ] Environment: SYSGEN_GATEWAY=1
BUILD: [00:0000000000:PROG  ] Environment: SYSGEN_GATEWAY_LOGGING=1
BUILD: [00:0000000000:PROG  ] Environment: SYSGEN_GDI_FONTFIX=1
BUILD: [00:0000000000:PROG  ] Environment: SYSGEN_GDI_RASTERFONT=1
BUILD: [00:0000000000:PROG  ] Environment: SYSGEN_GESTUREANIMATION=1
BUILD: [00:0000000000:PROG  ] Environment: SYSGEN_HELP=1
BUILD: [00:0000000000:PROG  ] Environment: SYSGEN_IMM=1
BUILD: [00:0000000000:PROG  ] Environment: SYSGEN_INPUTCPL=1
BUILD: [00:0000000000:PROG  ] Environment: SYSGEN_IPSEC=1
BUILD: [00:0000000000:PROG  ] Environment: SYSGEN_JSCRIPT=1
BUILD: [00:0000000000:PROG  ] Environment: SYSGEN_LAP_PSWD=1
BUILD: [00:0000000000:PROG  ] Environment: SYSGEN_LARGEKB=1
BUILD: [00:0000000000:PROG  ] Environment: SYSGEN_LASS=1
BUILD: [00:0000000000:PROG  ] Environment: SYSGEN_LLTD_RESPONDER=1
BUILD: [00:0000000000:PROG  ] Environment: SYSGEN_LOCALAUDIO=1
BUILD: [00:0000000000:PROG  ] Environment: SYSGEN_MENU_OVERLAP=1
BUILD: [00:0000000000:PROG  ] Environment: SYSGEN_MENU_TAP_UI=1
BUILD: [00:0000000000:PROG  ] Environment: SYSGEN_MFC=1
BUILD: [00:0000000000:PROG  ] Environment: SYSGEN_MINGDI=1
BUILD: [00:0000000000:PROG  ] Environment: SYSGEN_MINGWES=1
BUILD: [00:0000000000:PROG  ] Environment: SYSGEN_MININPUT=1
BUILD: [00:0000000000:PROG  ] Environment: SYSGEN_MINWMGR=1
BUILD: [00:0000000000:PROG  ] Environment: SYSGEN_MSHTML=1
BUILD: [00:0000000000:PROG  ] Environment: SYSGEN_MSIM=1
BUILD: [00:0000000000:PROG  ] Environment: SYSGEN_MSXML=1
BUILD: [00:0000000000:PROG  ] Environment: SYSGEN_MULTIMON=1
BUILD: [00:0000000000:PROG  ] Environment: SYSGEN_MULTIUI=1
BUILD: [00:0000000000:PROG  ] Environment: SYSGEN_NDISUIO=1
BUILD: [00:0000000000:PROG  ] Environment: SYSGEN_NETAPI32=1
BUILD: [00:0000000000:PROG  ] Environment: SYSGEN_NETLOG=1
BUILD: [00:0000000000:PROG  ] Environment: SYSGEN_NETUTILS=1
BUILD: [00:0000000000:PROG  ] Environment: SYSGEN_NETWORKING=1
BUILD: [00:0000000000:PROG  ] Environment: SYSGEN_NET_WFP=1
BUILD: [00:0000000000:PROG  ] Environment: SYSGEN_NOTIFY=1
BUILD: [00:0000000000:PROG  ] Environment: SYSGEN_OLE=1
BUILD: [00:0000000000:PROG  ] Environment: SYSGEN_PHYSICSENGINE=1
BUILD: [00:0000000000:PROG  ] Environment: SYSGEN_PM=1
BUILD: [00:0000000000:PROG  ] Environment: SYSGEN_QVGAP=1
BUILD: [00:0000000000:PROG  ] Environment: SYSGEN_REDIR=1
BUILD: [00:0000000000:PROG  ] Environment: SYSGEN_REGIONALCPL=1
BUILD: [00:0000000000:PROG  ] Environment: SYSGEN_RELFSD=1
BUILD: [00:0000000000:PROG  ] Environment: SYSGEN_SECURE_DDNS=1
BUILD: [00:0000000000:PROG  ] Environment: SYSGEN_SHELL=1
BUILD: [00:0000000000:PROG  ] Environment: SYSGEN_SHELLAPI=1
BUILD: [00:0000000000:PROG  ] Environment: SYSGEN_SNDSCHEMECPL=1
BUILD: [00:0000000000:PROG  ] Environment: SYSGEN_SOFTKB=1
BUILD: [00:0000000000:PROG  ] Environment: SYSGEN_STREAMAUDIO=1
BUILD: [00:0000000000:PROG  ] Environment: SYSGEN_STREAMAV=1
BUILD: [00:0000000000:PROG  ] Environment: SYSGEN_TOOLHELP=1
BUILD: [00:0000000000:PROG  ] Environment: SYSGEN_TOUCH=1
BUILD: [00:0000000000:PROG  ] Environment: SYSGEN_TOUCHGESTURE=1
BUILD: [00:0000000000:PROG  ] Environment: SYSGEN_UDFS=1
BUILD: [00:0000000000:PROG  ] Environment: SYSGEN_UIPROXY=1
BUILD: [00:0000000000:PROG  ] Environment: SYSGEN_UNISCRIBE=1
BUILD: [00:0000000000:PROG  ] Environment: SYSGEN_USB=1
BUILD: [00:0000000000:PROG  ] Environment: SYSGEN_USBFN=1
BUILD: [00:0000000000:PROG  ] Environment: SYSGEN_USB_HID=1
BUILD: [00:0000000000:PROG  ] Environment: SYSGEN_USB_HID_CLIENTS=1
BUILD: [00:0000000000:PROG  ] Environment: SYSGEN_USB_HID_KEYBOARD=1
BUILD: [00:0000000000:PROG  ] Environment: SYSGEN_USB_HID_MOUSE=1
BUILD: [00:0000000000:PROG  ] Environment: SYSGEN_USB_PRINTER=1
BUILD: [00:0000000000:PROG  ] Environment: SYSGEN_USB_STORAGE=1
BUILD: [00:0000000000:PROG  ] Environment: SYSGEN_VBSCRIPT=1
BUILD: [00:0000000000:PROG  ] Environment: SYSGEN_WCELOAD=1
BUILD: [00:0000000000:PROG  ] Environment: SYSGEN_WGI_WIC=1
BUILD: [00:0000000000:PROG  ] Environment: SYSGEN_WIFICPL=1
BUILD: [00:0000000000:PROG  ] Environment: SYSGEN_WININET=1
BUILD: [00:0000000000:PROG  ] Environment: SYSGEN_WSDAPI=1
BUILD: [00:0000000000:PROG  ] Environment: SYSGEN_WSDAPI_SAMPLES=1
BUILD: [00:0000000000:PROG  ] Environment: SYSGEN_XAMLIM=1
BUILD: [00:0000000000:PROG  ] Environment: SYSGEN_XAMLMSGBOX=1
BUILD: [00:0000000000:PROG  ] Environment: SYSGEN_XAML_RUNTIME=1
BUILD: [00:0000000000:PROG  ] Environment: SYSGEN_XMLLITE=1
BUILD: [00:0000000000:PROG  ] Environment: SYSGEN_XPSKIN=1
BUILD: [00:0000000000:PROG  ] Environment: SYSGEN_XRSHELL=1
BUILD: [00:0000000000:PROG  ] Environment: SystemDrive=C:
BUILD: [00:0000000000:PROG  ] Environment: SystemRoot=C:\WINDOWS
BUILD: [00:0000000000:PROG  ] Environment: TEMP=C:\Users\andyv\AppData\Local\Temp\bld_107562
BUILD: [00:0000000000:PROG  ] Environment: TMP=C:\Users\andyv\AppData\Local\Temp\bld_107562
BUILD: [00:0000000000:PROG  ] Environment: USERDOMAIN=ANDY_VM
BUILD: [00:0000000000:PROG  ] Environment: USERDOMAIN_ROAMINGPROFILE=ANDY_VM
BUILD: [00:0000000000:PROG  ] Environment: USERNAME=andyv
BUILD: [00:0000000000:PROG  ] Environment: USERPROFILE=C:\Users\andyv
BUILD: [00:0000000000:PROG  ] Environment: USING_PB_WORKSPACE_ENVIRONMENT=1
BUILD: [00:0000000000:PROG  ] Environment: VisualStudioDir=C:\Users\andyv\Documents\Visual Studio 2013
BUILD: [00:0000000000:PROG  ] Environment: VisualStudioEdition=Microsoft Visual Studio Professional 2013
BUILD: [00:0000000000:PROG  ] Environment: VisualStudioVersion=12.0
BUILD: [00:0000000000:PROG  ] Environment: VS110COMNTOOLS=C:\Program Files (x86)\Microsoft Visual Studio 11.0\Common7\Tools\
BUILD: [00:0000000000:PROG  ] Environment: VS120COMNTOOLS=C:\Program Files (x86)\Microsoft Visual Studio 12.0\Common7\Tools\
BUILD: [00:0000000000:PROG  ] Environment: VS90COMNTOOLS=C:\Program Files (x86)\Microsoft Visual Studio 9.0\Common7\Tools\
BUILD: [00:0000000000:PROG  ] Environment: VSLANG=1033
BUILD: [00:0000000000:PROG  ] Environment: WATCOM=C:\WATCOM
BUILD: [00:0000000000:PROG  ] Environment: WHTMLHELP=C:\WATCOM\BINNT\HELP
BUILD: [00:0000000000:PROG  ] Environment: WINCEDEBUG=retail
BUILD: [00:0000000000:PROG  ] Environment: WINCEMAP=1
BUILD: [00:0000000000:PROG  ] Environment: WINCEREL=1
BUILD: [00:0000000000:PROG  ] Environment: windir=C:\WINDOWS
BUILD: [00:0000000000:PROG  ] Environment: WIPFC=C:\WATCOM\WIPFC
BUILD: [00:0000000000:PROG  ] Environment: _BUILDOUTPUTFILTER_RUNNING=1
BUILD: [00:0000000000:PROG  ] Environment: _DEPTREES=winceos dcom wgi html netcf servers cellcore ossvcs shell directx ostest viewers CEBASE
BUILD: [00:0000000000:PROG  ] Environment: _DOTNET20ROOT=C:\WINDOWS\Microsoft.NET\Framework\v2.0.50727
BUILD: [00:0000000000:PROG  ] Environment: _DOTNET20SP2INSTALLED=1
BUILD: [00:0000000000:PROG  ] Environment: _DOTNET30ROOT=C:\WINDOWS\Microsoft.NET\Framework\v3.0
BUILD: [00:0000000000:PROG  ] Environment: _DOTNET30SP2INSTALLED=1
BUILD: [00:0000000000:PROG  ] Environment: _DOTNET35ROOT=C:\WINDOWS\Microsoft.NET\Framework\v3.5
BUILD: [00:0000000000:PROG  ] Environment: _DOTNET35SP1INSTALLED=1
BUILD: [00:0000000000:PROG  ] Environment: _DOTNET40CLIENTINSTALLED=1
BUILD: [00:0000000000:PROG  ] Environment: _DOTNET40FULLINSTALLED=1
BUILD: [00:0000000000:PROG  ] Environment: _DOTNET40ROOT=C:\Windows\Microsoft.NET\Framework\v4.0.30319
BUILD: [00:0000000000:PROG  ] Environment: _DOTNET45INSTALLED=1
BUILD: [00:0000000000:PROG  ] Environment: _DOTNETSDKROOT=C:\Windows\Microsoft.NET\Framework\v4.0.30319\
BUILD: [00:0000000000:PROG  ] Environment: _FLATRELEASEDIR=C:\WINCE800\OSDesigns\QEMU\QEMU\RelDir\qemu_ARMV7_Release
BUILD: [00:0000000000:PROG  ] Environment: _HOSTCPUTYPE=i386
BUILD: [00:0000000000:PROG  ] Environment: _MAJORVERSION=8
BUILD: [00:0000000000:PROG  ] Environment: _MAKEENVROOT=C:\WINCE800\public\common\oak\misc
BUILD: [00:0000000000:PROG  ] Environment: _MINORVERSION=00
BUILD: [00:0000000000:PROG  ] Environment: _OSDESIGNDDKROOT=C:\WINCE800\OSDesigns\QEMU\QEMU\Wince800\qemu_ARMV7_Retail\ddk
BUILD: [00:0000000000:PROG  ] Environment: _OSDESIGNOAKROOT=C:\WINCE800\OSDesigns\QEMU\QEMU\Wince800\qemu_ARMV7_Retail\oak
BUILD: [00:0000000000:PROG  ] Environment: _OSDESIGNROOT=C:\WINCE800\OSDesigns\QEMU\QEMU
BUILD: [00:0000000000:PROG  ] Environment: _OSDESIGNSDKROOT=C:\WINCE800\OSDesigns\QEMU\QEMU\Wince800\qemu_ARMV7_Retail\sdk
BUILD: [00:0000000000:PROG  ] Environment: _PB_INSTALL_ROOT=C:\PROGRA~2\MIFAB2~1\8.00
BUILD: [00:0000000000:PROG  ] Environment: _PLATFORMDRIVE=C:
BUILD: [00:0000000000:PROG  ] Environment: _PLATFORMROOT=C:\WINCE800\platform
BUILD: [00:0000000000:PROG  ] Environment: _PREWINCEPATH=C:\Program Files (x86)\Microsoft Visual Studio 12.0\Common7\IDE\CommonExtensions\Microsoft\TeamFoundation\Team Explorer\NativeBinaries/x86;C:\WATCOM\BINNT;C:\WATCOM\BINW;C:\WINDOWS\system32;C:\WINDOWS;C:\WINDOWS\System32\Wbem;C:\WINDOWS\System32\WindowsPowerShell\v1.0\;C:\WINDOWS\System32\OpenSSH\;c:\Program Files (x86)\Microsoft SQL Server\90\Tools\binn\;C:\Program Files (x86)\Windows Kits\8.1\Windows Performance Toolkit\;C:\Program Files\Microsoft SQL Server\110\Tools\Binn\;C:\Program Files (x86)\Microsoft SDKs\TypeScript\1.0\;C:\Program Files\Microsoft SQL Server\120\Tools\Binn\;C:\Users\andyv\AppData\Local\Microsoft\WindowsApps;
BUILD: [00:0000000000:PROG  ] Environment: _PRIVATEDRIVE=C:
BUILD: [00:0000000000:PROG  ] Environment: _PRIVATEROOT=C:\WINCE800\private
BUILD: [00:0000000000:PROG  ] Environment: _PROJECTDDKROOT=C:\WINCE800\public\CEBASE\ddk
BUILD: [00:0000000000:PROG  ] Environment: _PROJECTOAKROOT=C:\WINCE800\public\CEBASE\oak
BUILD: [00:0000000000:PROG  ] Environment: _PROJECTROOT=C:\WINCE800\public\CEBASE
BUILD: [00:0000000000:PROG  ] Environment: _PROJECTSDKROOT=C:\WINCE800\public\CEBASE\sdk
BUILD: [00:0000000000:PROG  ] Environment: _PROJPUBLICROOT=C:\WINCE800\OSDesigns\QEMU\QEMU\WINCE800\PUBLIC
BUILD: [00:0000000000:PROG  ] Environment: _PUBLICDRIVE=C:
BUILD: [00:0000000000:PROG  ] Environment: _PUBLICROOT=C:\WINCE800\public
BUILD: [00:0000000000:PROG  ] Environment: _SDKDRIVE=C:
BUILD: [00:0000000000:PROG  ] Environment: _SDKROOT=C:\WINCE800\sdk
BUILD: [00:0000000000:PROG  ] Environment: _TARGETPLATROOT=C:\WINCE800\platform\qemu
BUILD: [00:0000000000:PROG  ] Environment: _TGTCPU=ARMV7
BUILD: [00:0000000000:PROG  ] Environment: _TGTCPUFAMILY=ARM
BUILD: [00:0000000000:PROG  ] Environment: _TGTCPUISA=V7
BUILD: [00:0000000000:PROG  ] Environment: _TGTOS=CE
BUILD: [00:0000000000:PROG  ] Environment: _TGTPLAT=qemu
BUILD: [00:0000000000:PROG  ] Environment: _TGTPROJ=CEBASE
BUILD: [00:0000000000:PROG  ] Environment: _TOOLSSDKDRIVE=C:
BUILD: [00:0000000000:PROG  ] Environment: _TOOLSSDKROOT=C:\WINCE800\tools\public\ext
BUILD: [00:0000000000:PROG  ] Environment: _WINCECALLED=1
BUILD: [00:0000000000:PROG  ] Environment: _WINCEDRIVE=C:
BUILD: [00:0000000000:PROG  ] Environment: _WINCEOSVER=800
BUILD: [00:0000000000:PROG  ] Environment: _WINCEROOT=C:\WINCE800
BUILD: [00:0000000000:PROGC ] Running passes WCEFILES0, MIDL, MC, ASN, THUNK, RUN_WPP, XRPACK, PRECOMPHEADER, COMPILE, RENUMBERICONIDS, RES2RES, LIB, EXPLIB, LINK, LOCALIZE, MANAGEDRESX, MANAGEDMOD, MANAGEDDLL, MANAGEDEXE, MANAGEDWIN, POSTBUILD for ARM.
BUILD: [00:0000000016:PROGC ] Loading database "C:\wince800\osdesigns\qemu\qemu\uafxcwce\BuildARMV7retail.dat".
BUILD: [00:0000000016:PROGC ] Done.
BUILD: [00:0000000032:PROGC ] Computing include file dependencies:
BUILD: [01:0000000078:PROGC ] Scan C:\wince800\osdesigns\qemu\qemu\uafxcwce\
BUILD: [00:0000000078:PROG  ] Waiting for 1 worker threads.
BUILD: [00:0000000625:PROGC ] Warning(s) in directory "C:\wince800\osdesigns\qemu\qemu\uafxcwce\".
BUILD: [00:0000000641:WARNS ] Directory: C:\WINCE800\public\gdiex\sdk\inc\ does not exist.
BUILD: [00:0000000641:WARNS ] Directory: C:\WINCE800\public\ie7\sdk\inc\ does not exist.
BUILD: [00:0000000657:WARNS ] Directory: C:\WINCE800\public\rdp\sdk\inc\ does not exist.
BUILD: [00:0000000657:WARNS ] Directory: C:\WINCE800\public\shellsdk\sdk\inc\ does not exist.
BUILD: [00:0000000657:WARNS ] Directory: C:\WINCE800\private\winceos\inc\ does not exist.
BUILD: [00:0000000688:WARNS ] Directory: C:\WINCE800\public\gdiex\sdk\inc\ does not exist.
BUILD: [00:0000000688:WARNS ] Directory: C:\WINCE800\public\ie7\sdk\inc\ does not exist.
BUILD: [00:0000000688:WARNS ] Directory: C:\WINCE800\public\rdp\sdk\inc\ does not exist.
BUILD: [00:0000000688:WARNS ] Directory: C:\WINCE800\public\rdp\oak\inc\ does not exist.
BUILD: [00:0000000688:WARNS ] Directory: C:\WINCE800\public\shellsdk\sdk\inc\ does not exist.
BUILD: [00:0000000703:WARNS ] Directory: C:\WINCE800\public\wceshellfe\oak\inc\ does not exist.
BUILD: [00:0000000703:WARNS ] Directory: C:\WINCE800\public\gdiex\sdk\inc\ does not exist.
BUILD: [00:0000000703:WARNS ] Directory: C:\WINCE800\public\ie7\sdk\inc\ does not exist.
BUILD: [00:0000000703:WARNS ] Directory: C:\WINCE800\public\rdp\sdk\inc\ does not exist.
BUILD: [00:0000000703:WARNS ] Directory: C:\WINCE800\public\shellsdk\sdk\inc\ does not exist.
BUILD: [00:0000000703:PROGC ] Directory scanning complete.
BUILD: [00:0000000703:PROGC ] Saving Master Database complete.
BUILD: [00:0000000703:PROGC ] Starting WCEFILES0 Pass.
BUILD: [00:0000000719:PROGC ] Analyzing project dependency information for pass WCEFILES0.
BUILD: [00:0000000719:PROGC ] Starting MIDL Pass.
BUILD: [00:0000000719:PROGC ] Analyzing project dependency information for pass MIDL.
BUILD: [00:0000000719:PROGC ] Starting MC Pass.
BUILD: [00:0000000719:PROGC ] Analyzing project dependency information for pass MC.
BUILD: [00:0000000719:PROGC ] Starting ASN Pass.
BUILD: [00:0000000719:PROGC ] Analyzing project dependency information for pass ASN.
BUILD: [00:0000000719:PROGC ] Starting THUNK Pass.
BUILD: [00:0000000719:PROGC ] Analyzing project dependency information for pass THUNK.
BUILD: [00:0000000719:PROGC ] Starting RUN_WPP Pass.
BUILD: [00:0000000719:PROGC ] Analyzing project dependency information for pass RUN_WPP.
BUILD: [00:0000000719:PROGC ] Starting XRPACK Pass.
BUILD: [00:0000000719:PROGC ] Analyzing project dependency information for pass XRPACK.
BUILD: [00:0000000719:PROGC ] Starting PRECOMPHEADER Pass.
BUILD: [00:0000000719:PROGC ] Analyzing project dependency information for pass PRECOMPHEADER.
BUILD: [00:0000000719:PROGC ] Starting COMPILE Pass.
BUILD: [00:0000000719:PROGC ] Analyzing project dependency information for pass COMPILE.
BUILD: [00:0000000719:INFO  ] Will Build C:\wince800\osdesigns\qemu\qemu\uafxcwce\afxabort.cpp because target: C:\wince800\osdesigns\qemu\qemu\uafxcwce\obj\ARMV7\retail\afxabort.obj is missing.
BUILD: [00:0000000719:INFO  ] Will Build C:\wince800\osdesigns\qemu\qemu\uafxcwce\afxasert.cpp because target: C:\wince800\osdesigns\qemu\qemu\uafxcwce\obj\ARMV7\retail\afxasert.obj is missing.
BUILD: [00:0000000719:INFO  ] Will Build C:\wince800\osdesigns\qemu\qemu\uafxcwce\afxcrit.cpp because target: C:\wince800\osdesigns\qemu\qemu\uafxcwce\obj\ARMV7\retail\afxcrit.obj is missing.
BUILD: [00:0000000719:INFO  ] Will Build C:\wince800\osdesigns\qemu\qemu\uafxcwce\afxdbcs.cpp because target: C:\wince800\osdesigns\qemu\qemu\uafxcwce\obj\ARMV7\retail\afxdbcs.obj is missing.
BUILD: [00:0000000719:INFO  ] Will Build C:\wince800\osdesigns\qemu\qemu\uafxcwce\afxinl1.cpp because target: C:\wince800\osdesigns\qemu\qemu\uafxcwce\obj\ARMV7\retail\afxinl1.obj is missing.
BUILD: [00:0000000719:INFO  ] Will Build C:\wince800\osdesigns\qemu\qemu\uafxcwce\afxinl2.cpp because target: C:\wince800\osdesigns\qemu\qemu\uafxcwce\obj\ARMV7\retail\afxinl2.obj is missing.
BUILD: [00:0000000719:INFO  ] Will Build C:\wince800\osdesigns\qemu\qemu\uafxcwce\afxinl3.cpp because target: C:\wince800\osdesigns\qemu\qemu\uafxcwce\obj\ARMV7\retail\afxinl3.obj is missing.
BUILD: [00:0000000719:INFO  ] Will Build C:\wince800\osdesigns\qemu\qemu\uafxcwce\afxmem.cpp because target: C:\wince800\osdesigns\qemu\qemu\uafxcwce\obj\ARMV7\retail\afxmem.obj is missing.
BUILD: [00:0000000719:INFO  ] Will Build C:\wince800\osdesigns\qemu\qemu\uafxcwce\afxstate.cpp because target: C:\wince800\osdesigns\qemu\qemu\uafxcwce\obj\ARMV7\retail\afxstate.obj is missing.
BUILD: [00:0000000719:INFO  ] Will Build C:\wince800\osdesigns\qemu\qemu\uafxcwce\afxtls.cpp because target: C:\wince800\osdesigns\qemu\qemu\uafxcwce\obj\ARMV7\retail\afxtls.obj is missing.
BUILD: [00:0000000719:INFO  ] Will Build C:\wince800\osdesigns\qemu\qemu\uafxcwce\afxtrace.cpp because target: C:\wince800\osdesigns\qemu\qemu\uafxcwce\obj\ARMV7\retail\afxtrace.obj is missing.
BUILD: [00:0000000719:INFO  ] Will Build C:\wince800\osdesigns\qemu\qemu\uafxcwce\appcore.cpp because target: C:\wince800\osdesigns\qemu\qemu\uafxcwce\obj\ARMV7\retail\appcore.obj is missing.
BUILD: [00:0000000719:INFO  ] Will Build C:\wince800\osdesigns\qemu\qemu\uafxcwce\appdlg.cpp because target: C:\wince800\osdesigns\qemu\qemu\uafxcwce\obj\ARMV7\retail\appdlg.obj is missing.
BUILD: [00:0000000719:INFO  ] Will Build C:\wince800\osdesigns\qemu\qemu\uafxcwce\appgray.cpp because target: C:\wince800\osdesigns\qemu\qemu\uafxcwce\obj\ARMV7\retail\appgray.obj is missing.
BUILD: [00:0000000719:INFO  ] Will Build C:\wince800\osdesigns\qemu\qemu\uafxcwce\apphelp.cpp because target: C:\wince800\osdesigns\qemu\qemu\uafxcwce\obj\ARMV7\retail\apphelp.obj is missing.
BUILD: [00:0000000719:INFO  ] Will Build C:\wince800\osdesigns\qemu\qemu\uafxcwce\apphelpx.cpp because target: C:\wince800\osdesigns\qemu\qemu\uafxcwce\obj\ARMV7\retail\apphelpx.obj is missing.
BUILD: [00:0000000719:INFO  ] Will Build C:\wince800\osdesigns\qemu\qemu\uafxcwce\appinit.cpp because target: C:\wince800\osdesigns\qemu\qemu\uafxcwce\obj\ARMV7\retail\appinit.obj is missing.
BUILD: [00:0000000719:INFO  ] Will Build C:\wince800\osdesigns\qemu\qemu\uafxcwce\appmodul.cpp because target: C:\wince800\osdesigns\qemu\qemu\uafxcwce\obj\ARMV7\retail\appmodul.obj is missing.
BUILD: [00:0000000719:INFO  ] Will Build C:\wince800\osdesigns\qemu\qemu\uafxcwce\appprnt.cpp because target: C:\wince800\osdesigns\qemu\qemu\uafxcwce\obj\ARMV7\retail\appprnt.obj is missing.
BUILD: [00:0000000719:INFO  ] Will Build C:\wince800\osdesigns\qemu\qemu\uafxcwce\appterm.cpp because target: C:\wince800\osdesigns\qemu\qemu\uafxcwce\obj\ARMV7\retail\appterm.obj is missing.
BUILD: [00:0000000719:INFO  ] Will Build C:\wince800\osdesigns\qemu\qemu\uafxcwce\appui.cpp because target: C:\wince800\osdesigns\qemu\qemu\uafxcwce\obj\ARMV7\retail\appui.obj is missing.
BUILD: [00:0000000719:INFO  ] Will Build C:\wince800\osdesigns\qemu\qemu\uafxcwce\appui1.cpp because target: C:\wince800\osdesigns\qemu\qemu\uafxcwce\obj\ARMV7\retail\appui1.obj is missing.
BUILD: [00:0000000719:INFO  ] Will Build C:\wince800\osdesigns\qemu\qemu\uafxcwce\appui2.cpp because target: C:\wince800\osdesigns\qemu\qemu\uafxcwce\obj\ARMV7\retail\appui2.obj is missing.
BUILD: [00:0000000719:INFO  ] Will Build C:\wince800\osdesigns\qemu\qemu\uafxcwce\appui3.cpp because target: C:\wince800\osdesigns\qemu\qemu\uafxcwce\obj\ARMV7\retail\appui3.obj is missing.
BUILD: [00:0000000719:INFO  ] Will Build C:\wince800\osdesigns\qemu\qemu\uafxcwce\arccore.cpp because target: C:\wince800\osdesigns\qemu\qemu\uafxcwce\obj\ARMV7\retail\arccore.obj is missing.
BUILD: [00:0000000719:INFO  ] Will Build C:\wince800\osdesigns\qemu\qemu\uafxcwce\arcex.cpp because target: C:\wince800\osdesigns\qemu\qemu\uafxcwce\obj\ARMV7\retail\arcex.obj is missing.
BUILD: [00:0000000719:INFO  ] Will Build C:\wince800\osdesigns\qemu\qemu\uafxcwce\arcobj.cpp because target: C:\wince800\osdesigns\qemu\qemu\uafxcwce\obj\ARMV7\retail\arcobj.obj is missing.
BUILD: [00:0000000719:INFO  ] Will Build C:\wince800\osdesigns\qemu\qemu\uafxcwce\arcstrm.cpp because target: C:\wince800\osdesigns\qemu\qemu\uafxcwce\obj\ARMV7\retail\arcstrm.obj is missing.
BUILD: [00:0000000719:INFO  ] Will Build C:\wince800\osdesigns\qemu\qemu\uafxcwce\array_b.cpp because target: C:\wince800\osdesigns\qemu\qemu\uafxcwce\obj\ARMV7\retail\array_b.obj is missing.
BUILD: [00:0000000735:INFO  ] Will Build C:\wince800\osdesigns\qemu\qemu\uafxcwce\array_d.cpp because target: C:\wince800\osdesigns\qemu\qemu\uafxcwce\obj\ARMV7\retail\array_d.obj is missing.
BUILD: [00:0000000735:INFO  ] Will Build C:\wince800\osdesigns\qemu\qemu\uafxcwce\array_o.cpp because target: C:\wince800\osdesigns\qemu\qemu\uafxcwce\obj\ARMV7\retail\array_o.obj is missing.
BUILD: [00:0000000735:INFO  ] Will Build C:\wince800\osdesigns\qemu\qemu\uafxcwce\array_p.cpp because target: C:\wince800\osdesigns\qemu\qemu\uafxcwce\obj\ARMV7\retail\array_p.obj is missing.
BUILD: [00:0000000735:INFO  ] Will Build C:\wince800\osdesigns\qemu\qemu\uafxcwce\array_s.cpp because target: C:\wince800\osdesigns\qemu\qemu\uafxcwce\obj\ARMV7\retail\array_s.obj is missing.
BUILD: [00:0000000735:INFO  ] Will Build C:\wince800\osdesigns\qemu\qemu\uafxcwce\array_u.cpp because target: C:\wince800\osdesigns\qemu\qemu\uafxcwce\obj\ARMV7\retail\array_u.obj is missing.
BUILD: [00:0000000735:INFO  ] Will Build C:\wince800\osdesigns\qemu\qemu\uafxcwce\array_w.cpp because target: C:\wince800\osdesigns\qemu\qemu\uafxcwce\obj\ARMV7\retail\array_w.obj is missing.
BUILD: [00:0000000735:INFO  ] Will Build C:\wince800\osdesigns\qemu\qemu\uafxcwce\auxdata.cpp because target: C:\wince800\osdesigns\qemu\qemu\uafxcwce\obj\ARMV7\retail\auxdata.obj is missing.
BUILD: [00:0000000735:INFO  ] Will Build C:\wince800\osdesigns\qemu\qemu\uafxcwce\barcool.cpp because target: C:\wince800\osdesigns\qemu\qemu\uafxcwce\obj\ARMV7\retail\barcool.obj is missing.
BUILD: [00:0000000735:INFO  ] Will Build C:\wince800\osdesigns\qemu\qemu\uafxcwce\barcore.cpp because target: C:\wince800\osdesigns\qemu\qemu\uafxcwce\obj\ARMV7\retail\barcore.obj is missing.
BUILD: [00:0000000735:INFO  ] Will Build C:\wince800\osdesigns\qemu\qemu\uafxcwce\bardlg.cpp because target: C:\wince800\osdesigns\qemu\qemu\uafxcwce\obj\ARMV7\retail\bardlg.obj is missing.
BUILD: [00:0000000735:INFO  ] Will Build C:\wince800\osdesigns\qemu\qemu\uafxcwce\bardock.cpp because target: C:\wince800\osdesigns\qemu\qemu\uafxcwce\obj\ARMV7\retail\bardock.obj is missing.
BUILD: [00:0000000735:INFO  ] Will Build C:\wince800\osdesigns\qemu\qemu\uafxcwce\barstat.cpp because target: C:\wince800\osdesigns\qemu\qemu\uafxcwce\obj\ARMV7\retail\barstat.obj is missing.
BUILD: [00:0000000735:INFO  ] Will Build C:\wince800\osdesigns\qemu\qemu\uafxcwce\bartool.cpp because target: C:\wince800\osdesigns\qemu\qemu\uafxcwce\obj\ARMV7\retail\bartool.obj is missing.
BUILD: [00:0000000735:INFO  ] Will Build C:\wince800\osdesigns\qemu\qemu\uafxcwce\ccdata.cpp because target: C:\wince800\osdesigns\qemu\qemu\uafxcwce\obj\ARMV7\retail\ccdata.obj is missing.
BUILD: [00:0000000735:INFO  ] Will Build C:\wince800\osdesigns\qemu\qemu\uafxcwce\cmdtarg.cpp because target: C:\wince800\osdesigns\qemu\qemu\uafxcwce\obj\ARMV7\retail\cmdtarg.obj is missing.
BUILD: [00:0000000735:INFO  ] Will Build C:\wince800\osdesigns\qemu\qemu\uafxcwce\dlgclr.cpp because target: C:\wince800\osdesigns\qemu\qemu\uafxcwce\obj\ARMV7\retail\dlgclr.obj is missing.
BUILD: [00:0000000735:INFO  ] Will Build C:\wince800\osdesigns\qemu\qemu\uafxcwce\dlgcomm.cpp because target: C:\wince800\osdesigns\qemu\qemu\uafxcwce\obj\ARMV7\retail\dlgcomm.obj is missing.
BUILD: [00:0000000735:INFO  ] Will Build C:\wince800\osdesigns\qemu\qemu\uafxcwce\dlgcore.cpp because target: C:\wince800\osdesigns\qemu\qemu\uafxcwce\obj\ARMV7\retail\dlgcore.obj is missing.
BUILD: [00:0000000735:INFO  ] Will Build C:\wince800\osdesigns\qemu\qemu\uafxcwce\dlgdata.cpp because target: C:\wince800\osdesigns\qemu\qemu\uafxcwce\obj\ARMV7\retail\dlgdata.obj is missing.
BUILD: [00:0000000735:INFO  ] Will Build C:\wince800\osdesigns\qemu\qemu\uafxcwce\dlgfile.cpp because target: C:\wince800\osdesigns\qemu\qemu\uafxcwce\obj\ARMV7\retail\dlgfile.obj is missing.
BUILD: [00:0000000735:INFO  ] Will Build C:\wince800\osdesigns\qemu\qemu\uafxcwce\dlgfloat.cpp because target: C:\wince800\osdesigns\qemu\qemu\uafxcwce\obj\ARMV7\retail\dlgfloat.obj is missing.
BUILD: [00:0000000735:INFO  ] Will Build C:\wince800\osdesigns\qemu\qemu\uafxcwce\dlgfr.cpp because target: C:\wince800\osdesigns\qemu\qemu\uafxcwce\obj\ARMV7\retail\dlgfr.obj is missing.
BUILD: [00:0000000735:INFO  ] Will Build C:\wince800\osdesigns\qemu\qemu\uafxcwce\dlgprop.cpp because target: C:\wince800\osdesigns\qemu\qemu\uafxcwce\obj\ARMV7\retail\dlgprop.obj is missing.
BUILD: [00:0000000735:INFO  ] Will Build C:\wince800\osdesigns\qemu\qemu\uafxcwce\dlgtempl.cpp because target: C:\wince800\osdesigns\qemu\qemu\uafxcwce\obj\ARMV7\retail\dlgtempl.obj is missing.
BUILD: [00:0000000735:INFO  ] Will Build C:\wince800\osdesigns\qemu\qemu\uafxcwce\dllmodul.cpp because target: C:\wince800\osdesigns\qemu\qemu\uafxcwce\obj\ARMV7\retail\dllmodul.obj is missing.
BUILD: [00:0000000735:INFO  ] Will Build C:\wince800\osdesigns\qemu\qemu\uafxcwce\doccore.cpp because target: C:\wince800\osdesigns\qemu\qemu\uafxcwce\obj\ARMV7\retail\doccore.obj is missing.
BUILD: [00:0000000735:INFO  ] Will Build C:\wince800\osdesigns\qemu\qemu\uafxcwce\dockcont.cpp because target: C:\wince800\osdesigns\qemu\qemu\uafxcwce\obj\ARMV7\retail\dockcont.obj is missing.
BUILD: [00:0000000735:INFO  ] Will Build C:\wince800\osdesigns\qemu\qemu\uafxcwce\dockstat.cpp because target: C:\wince800\osdesigns\qemu\qemu\uafxcwce\obj\ARMV7\retail\dockstat.obj is missing.
BUILD: [00:0000000735:INFO  ] Will Build C:\wince800\osdesigns\qemu\qemu\uafxcwce\docmgr.cpp because target: C:\wince800\osdesigns\qemu\qemu\uafxcwce\obj\ARMV7\retail\docmgr.obj is missing.
BUILD: [00:0000000735:INFO  ] Will Build C:\wince800\osdesigns\qemu\qemu\uafxcwce\docsingl.cpp because target: C:\wince800\osdesigns\qemu\qemu\uafxcwce\obj\ARMV7\retail\docsingl.obj is missing.
BUILD: [00:0000000735:INFO  ] Will Build C:\wince800\osdesigns\qemu\qemu\uafxcwce\doctempl.cpp because target: C:\wince800\osdesigns\qemu\qemu\uafxcwce\obj\ARMV7\retail\doctempl.obj is missing.
BUILD: [00:0000000735:INFO  ] Will Build C:\wince800\osdesigns\qemu\qemu\uafxcwce\dumpcont.cpp because target: C:\wince800\osdesigns\qemu\qemu\uafxcwce\obj\ARMV7\retail\dumpcont.obj is missing.
BUILD: [00:0000000735:INFO  ] Will Build C:\wince800\osdesigns\qemu\qemu\uafxcwce\dumpflt.cpp because target: C:\wince800\osdesigns\qemu\qemu\uafxcwce\obj\ARMV7\retail\dumpflt.obj is missing.
BUILD: [00:0000000735:INFO  ] Will Build C:\wince800\osdesigns\qemu\qemu\uafxcwce\dumpinit.cpp because target: C:\wince800\osdesigns\qemu\qemu\uafxcwce\obj\ARMV7\retail\dumpinit.obj is missing.
BUILD: [00:0000000735:INFO  ] Will Build C:\wince800\osdesigns\qemu\qemu\uafxcwce\dumpout.cpp because target: C:\wince800\osdesigns\qemu\qemu\uafxcwce\obj\ARMV7\retail\dumpout.obj is missing.
BUILD: [00:0000000735:INFO  ] Will Build C:\wince800\osdesigns\qemu\qemu\uafxcwce\except.cpp because target: C:\wince800\osdesigns\qemu\qemu\uafxcwce\obj\ARMV7\retail\except.obj is missing.
BUILD: [00:0000000735:INFO  ] Will Build C:\wince800\osdesigns\qemu\qemu\uafxcwce\filecore.cpp because target: C:\wince800\osdesigns\qemu\qemu\uafxcwce\obj\ARMV7\retail\filecore.obj is missing.
BUILD: [00:0000000735:INFO  ] Will Build C:\wince800\osdesigns\qemu\qemu\uafxcwce\filelist.cpp because target: C:\wince800\osdesigns\qemu\qemu\uafxcwce\obj\ARMV7\retail\filelist.obj is missing.
BUILD: [00:0000000735:INFO  ] Will Build C:\wince800\osdesigns\qemu\qemu\uafxcwce\filemem.cpp because target: C:\wince800\osdesigns\qemu\qemu\uafxcwce\obj\ARMV7\retail\filemem.obj is missing.
BUILD: [00:0000000735:INFO  ] Will Build C:\wince800\osdesigns\qemu\qemu\uafxcwce\filest.cpp because target: C:\wince800\osdesigns\qemu\qemu\uafxcwce\obj\ARMV7\retail\filest.obj is missing.
BUILD: [00:0000000735:INFO  ] Will Build C:\wince800\osdesigns\qemu\qemu\uafxcwce\filetxt.cpp because target: C:\wince800\osdesigns\qemu\qemu\uafxcwce\obj\ARMV7\retail\filetxt.obj is missing.
BUILD: [00:0000000735:INFO  ] Will Build C:\wince800\osdesigns\qemu\qemu\uafxcwce\filex.cpp because target: C:\wince800\osdesigns\qemu\qemu\uafxcwce\obj\ARMV7\retail\filex.obj is missing.
BUILD: [00:0000000735:INFO  ] Will Build C:\wince800\osdesigns\qemu\qemu\uafxcwce\inet.cpp because target: C:\wince800\osdesigns\qemu\qemu\uafxcwce\obj\ARMV7\retail\inet.obj is missing.
BUILD: [00:0000000735:INFO  ] Will Build C:\wince800\osdesigns\qemu\qemu\uafxcwce\list_o.cpp because target: C:\wince800\osdesigns\qemu\qemu\uafxcwce\obj\ARMV7\retail\list_o.obj is missing.
BUILD: [00:0000000735:INFO  ] Will Build C:\wince800\osdesigns\qemu\qemu\uafxcwce\list_p.cpp because target: C:\wince800\osdesigns\qemu\qemu\uafxcwce\obj\ARMV7\retail\list_p.obj is missing.
BUILD: [00:0000000735:INFO  ] Will Build C:\wince800\osdesigns\qemu\qemu\uafxcwce\list_s.cpp because target: C:\wince800\osdesigns\qemu\qemu\uafxcwce\obj\ARMV7\retail\list_s.obj is missing.
BUILD: [00:0000000735:INFO  ] Will Build C:\wince800\osdesigns\qemu\qemu\uafxcwce\map_pp.cpp because target: C:\wince800\osdesigns\qemu\qemu\uafxcwce\obj\ARMV7\retail\map_pp.obj is missing.
BUILD: [00:0000000735:INFO  ] Will Build C:\wince800\osdesigns\qemu\qemu\uafxcwce\map_pw.cpp because target: C:\wince800\osdesigns\qemu\qemu\uafxcwce\obj\ARMV7\retail\map_pw.obj is missing.
BUILD: [00:0000000735:INFO  ] Will Build C:\wince800\osdesigns\qemu\qemu\uafxcwce\map_so.cpp because target: C:\wince800\osdesigns\qemu\qemu\uafxcwce\obj\ARMV7\retail\map_so.obj is missing.
BUILD: [00:0000000735:INFO  ] Will Build C:\wince800\osdesigns\qemu\qemu\uafxcwce\map_sp.cpp because target: C:\wince800\osdesigns\qemu\qemu\uafxcwce\obj\ARMV7\retail\map_sp.obj is missing.
BUILD: [00:0000000735:INFO  ] Will Build C:\wince800\osdesigns\qemu\qemu\uafxcwce\map_ss.cpp because target: C:\wince800\osdesigns\qemu\qemu\uafxcwce\obj\ARMV7\retail\map_ss.obj is missing.
BUILD: [00:0000000735:INFO  ] Will Build C:\wince800\osdesigns\qemu\qemu\uafxcwce\map_wo.cpp because target: C:\wince800\osdesigns\qemu\qemu\uafxcwce\obj\ARMV7\retail\map_wo.obj is missing.
BUILD: [00:0000000735:INFO  ] Will Build C:\wince800\osdesigns\qemu\qemu\uafxcwce\map_wp.cpp because target: C:\wince800\osdesigns\qemu\qemu\uafxcwce\obj\ARMV7\retail\map_wp.obj is missing.
BUILD: [00:0000000735:INFO  ] Will Build C:\wince800\osdesigns\qemu\qemu\uafxcwce\mtcore.cpp because target: C:\wince800\osdesigns\qemu\qemu\uafxcwce\obj\ARMV7\retail\mtcore.obj is missing.
BUILD: [00:0000000735:INFO  ] Will Build C:\wince800\osdesigns\qemu\qemu\uafxcwce\mtex.cpp because target: C:\wince800\osdesigns\qemu\qemu\uafxcwce\obj\ARMV7\retail\mtex.obj is missing.
BUILD: [00:0000000735:INFO  ] Will Build C:\wince800\osdesigns\qemu\qemu\uafxcwce\objcore.cpp because target: C:\wince800\osdesigns\qemu\qemu\uafxcwce\obj\ARMV7\retail\objcore.obj is missing.
BUILD: [00:0000000735:INFO  ] Will Build C:\wince800\osdesigns\qemu\qemu\uafxcwce\olelock.cpp because target: C:\wince800\osdesigns\qemu\qemu\uafxcwce\obj\ARMV7\retail\olelock.obj is missing.
BUILD: [00:0000000735:INFO  ] Will Build C:\wince800\osdesigns\qemu\qemu\uafxcwce\plex.cpp because target: C:\wince800\osdesigns\qemu\qemu\uafxcwce\obj\ARMV7\retail\plex.obj is missing.
BUILD: [00:0000000735:INFO  ] Will Build C:\wince800\osdesigns\qemu\qemu\uafxcwce\sockcore.cpp because target: C:\wince800\osdesigns\qemu\qemu\uafxcwce\obj\ARMV7\retail\sockcore.obj is missing.
BUILD: [00:0000000735:INFO  ] Will Build C:\wince800\osdesigns\qemu\qemu\uafxcwce\strcore.cpp because target: C:\wince800\osdesigns\qemu\qemu\uafxcwce\obj\ARMV7\retail\strcore.obj is missing.
BUILD: [00:0000000735:INFO  ] Will Build C:\wince800\osdesigns\qemu\qemu\uafxcwce\strex.cpp because target: C:\wince800\osdesigns\qemu\qemu\uafxcwce\obj\ARMV7\retail\strex.obj is missing.
BUILD: [00:0000000735:INFO  ] Will Build C:\wince800\osdesigns\qemu\qemu\uafxcwce\thrdcore.cpp because target: C:\wince800\osdesigns\qemu\qemu\uafxcwce\obj\ARMV7\retail\thrdcore.obj is missing.
BUILD: [00:0000000735:INFO  ] Will Build C:\wince800\osdesigns\qemu\qemu\uafxcwce\timecore.cpp because target: C:\wince800\osdesigns\qemu\qemu\uafxcwce\obj\ARMV7\retail\timecore.obj is missing.
BUILD: [00:0000000735:INFO  ] Will Build C:\wince800\osdesigns\qemu\qemu\uafxcwce\tooltip.cpp because target: C:\wince800\osdesigns\qemu\qemu\uafxcwce\obj\ARMV7\retail\tooltip.obj is missing.
BUILD: [00:0000000735:INFO  ] Will Build C:\wince800\osdesigns\qemu\qemu\uafxcwce\trckrect.cpp because target: C:\wince800\osdesigns\qemu\qemu\uafxcwce\obj\ARMV7\retail\trckrect.obj is missing.
BUILD: [00:0000000735:INFO  ] Will Build C:\wince800\osdesigns\qemu\qemu\uafxcwce\validadd.cpp because target: C:\wince800\osdesigns\qemu\qemu\uafxcwce\obj\ARMV7\retail\validadd.obj is missing.
BUILD: [00:0000000735:INFO  ] Will Build C:\wince800\osdesigns\qemu\qemu\uafxcwce\viewcmn.cpp because target: C:\wince800\osdesigns\qemu\qemu\uafxcwce\obj\ARMV7\retail\viewcmn.obj is missing.
BUILD: [00:0000000735:INFO  ] Will Build C:\wince800\osdesigns\qemu\qemu\uafxcwce\viewcore.cpp because target: C:\wince800\osdesigns\qemu\qemu\uafxcwce\obj\ARMV7\retail\viewcore.obj is missing.
BUILD: [00:0000000735:INFO  ] Will Build C:\wince800\osdesigns\qemu\qemu\uafxcwce\viewedit.cpp because target: C:\wince800\osdesigns\qemu\qemu\uafxcwce\obj\ARMV7\retail\viewedit.obj is missing.
BUILD: [00:0000000735:INFO  ] Will Build C:\wince800\osdesigns\qemu\qemu\uafxcwce\viewform.cpp because target: C:\wince800\osdesigns\qemu\qemu\uafxcwce\obj\ARMV7\retail\viewform.obj is missing.
BUILD: [00:0000000735:INFO  ] Will Build C:\wince800\osdesigns\qemu\qemu\uafxcwce\viewprnt.cpp because target: C:\wince800\osdesigns\qemu\qemu\uafxcwce\obj\ARMV7\retail\viewprnt.obj is missing.
BUILD: [00:0000000735:INFO  ] Will Build C:\wince800\osdesigns\qemu\qemu\uafxcwce\viewscrl.cpp because target: C:\wince800\osdesigns\qemu\qemu\uafxcwce\obj\ARMV7\retail\viewscrl.obj is missing.
BUILD: [00:0000000735:INFO  ] Will Build C:\wince800\osdesigns\qemu\qemu\uafxcwce\winbtn.cpp because target: C:\wince800\osdesigns\qemu\qemu\uafxcwce\obj\ARMV7\retail\winbtn.obj is missing.
BUILD: [00:0000000735:INFO  ] Will Build C:\wince800\osdesigns\qemu\qemu\uafxcwce\wincore.cpp because target: C:\wince800\osdesigns\qemu\qemu\uafxcwce\obj\ARMV7\retail\wincore.obj is missing.
BUILD: [00:0000000735:INFO  ] Will Build C:\wince800\osdesigns\qemu\qemu\uafxcwce\winctrl1.cpp because target: C:\wince800\osdesigns\qemu\qemu\uafxcwce\obj\ARMV7\retail\winctrl1.obj is missing.
BUILD: [00:0000000735:INFO  ] Will Build C:\wince800\osdesigns\qemu\qemu\uafxcwce\winctrl2.cpp because target: C:\wince800\osdesigns\qemu\qemu\uafxcwce\obj\ARMV7\retail\winctrl2.obj is missing.
BUILD: [00:0000000735:INFO  ] Will Build C:\wince800\osdesigns\qemu\qemu\uafxcwce\winctrl6.cpp because target: C:\wince800\osdesigns\qemu\qemu\uafxcwce\obj\ARMV7\retail\winctrl6.obj is missing.
BUILD: [00:0000000735:INFO  ] Will Build C:\wince800\osdesigns\qemu\qemu\uafxcwce\winfrm.cpp because target: C:\wince800\osdesigns\qemu\qemu\uafxcwce\obj\ARMV7\retail\winfrm.obj is missing.
BUILD: [00:0000000735:INFO  ] Will Build C:\wince800\osdesigns\qemu\qemu\uafxcwce\winfrmx.cpp because target: C:\wince800\osdesigns\qemu\qemu\uafxcwce\obj\ARMV7\retail\winfrmx.obj is missing.
BUILD: [00:0000000735:INFO  ] Will Build C:\wince800\osdesigns\qemu\qemu\uafxcwce\wingdi.cpp because target: C:\wince800\osdesigns\qemu\qemu\uafxcwce\obj\ARMV7\retail\wingdi.obj is missing.
BUILD: [00:0000000735:INFO  ] Will Build C:\wince800\osdesigns\qemu\qemu\uafxcwce\wingdix.cpp because target: C:\wince800\osdesigns\qemu\qemu\uafxcwce\obj\ARMV7\retail\wingdix.obj is missing.
BUILD: [00:0000000735:INFO  ] Will Build C:\wince800\osdesigns\qemu\qemu\uafxcwce\winhand.cpp because target: C:\wince800\osdesigns\qemu\qemu\uafxcwce\obj\ARMV7\retail\winhand.obj is missing.
BUILD: [00:0000000735:INFO  ] Will Build C:\wince800\osdesigns\qemu\qemu\uafxcwce\winmain.cpp because target: C:\wince800\osdesigns\qemu\qemu\uafxcwce\obj\ARMV7\retail\winmain.obj is missing.
BUILD: [00:0000000735:INFO  ] Will Build C:\wince800\osdesigns\qemu\qemu\uafxcwce\winmenu.cpp because target: C:\wince800\osdesigns\qemu\qemu\uafxcwce\obj\ARMV7\retail\winmenu.obj is missing.
BUILD: [00:0000000735:INFO  ] Will Build C:\wince800\osdesigns\qemu\qemu\uafxcwce\winocc.cpp because target: C:\wince800\osdesigns\qemu\qemu\uafxcwce\obj\ARMV7\retail\winocc.obj is missing.
BUILD: [00:0000000735:INFO  ] Will Build C:\wince800\osdesigns\qemu\qemu\uafxcwce\winsplit.cpp because target: C:\wince800\osdesigns\qemu\qemu\uafxcwce\obj\ARMV7\retail\winsplit.obj is missing.
BUILD: [00:0000000750:INFO  ] Will Build C:\wince800\osdesigns\qemu\qemu\uafxcwce\winstr.cpp because target: C:\wince800\osdesigns\qemu\qemu\uafxcwce\obj\ARMV7\retail\winstr.obj is missing.
BUILD: [00:0000000750:INFO  ] Will Build C:\wince800\osdesigns\qemu\qemu\uafxcwce\winutil.cpp because target: C:\wince800\osdesigns\qemu\qemu\uafxcwce\obj\ARMV7\retail\winutil.obj is missing.
BUILD: [00:0000000750:INFO  ] Will Build C:\wince800\osdesigns\qemu\qemu\uafxcwce\wcealt.cpp because target: C:\wince800\osdesigns\qemu\qemu\uafxcwce\obj\ARMV7\retail\wcealt.obj is missing.
BUILD: [00:0000000750:INFO  ] Will Build C:\wince800\osdesigns\qemu\qemu\uafxcwce\wcebar.cpp because target: C:\wince800\osdesigns\qemu\qemu\uafxcwce\obj\ARMV7\retail\wcebar.obj is missing.
BUILD: [00:0000000750:INFO  ] Will Build C:\wince800\osdesigns\qemu\qemu\uafxcwce\wcedoclt.cpp because target: C:\wince800\osdesigns\qemu\qemu\uafxcwce\obj\ARMV7\retail\wcedoclt.obj is missing.
BUILD: [00:0000000750:INFO  ] Will Build C:\wince800\osdesigns\qemu\qemu\uafxcwce\wcedoctm.cpp because target: C:\wince800\osdesigns\qemu\qemu\uafxcwce\obj\ARMV7\retail\wcedoctm.obj is missing.
BUILD: [00:0000000750:INFO  ] Will Build C:\wince800\osdesigns\qemu\qemu\uafxcwce\wcedb.cpp because target: C:\wince800\osdesigns\qemu\qemu\uafxcwce\obj\ARMV7\retail\wcedb.obj is missing.
BUILD: [00:0000000750:INFO  ] Will Build C:\wince800\osdesigns\qemu\qemu\uafxcwce\wcedlgfr.cpp because target: C:\wince800\osdesigns\qemu\qemu\uafxcwce\obj\ARMV7\retail\wcedlgfr.obj is missing.
BUILD: [00:0000000750:INFO  ] Will Build C:\wince800\osdesigns\qemu\qemu\uafxcwce\wcedlgpr.cpp because target: C:\wince800\osdesigns\qemu\qemu\uafxcwce\obj\ARMV7\retail\wcedlgpr.obj is missing.
BUILD: [00:0000000750:INFO  ] Will Build C:\wince800\osdesigns\qemu\qemu\uafxcwce\wcedlgsm.cpp because target: C:\wince800\osdesigns\qemu\qemu\uafxcwce\obj\ARMV7\retail\wcedlgsm.obj is missing.
BUILD: [00:0000000750:INFO  ] Will Build C:\wince800\osdesigns\qemu\qemu\uafxcwce\wcedll.cpp because target: C:\wince800\osdesigns\qemu\qemu\uafxcwce\obj\ARMV7\retail\wcedll.obj is missing.
BUILD: [00:0000000750:INFO  ] Will Build C:\wince800\osdesigns\qemu\qemu\uafxcwce\wceimpl.cpp because target: C:\wince800\osdesigns\qemu\qemu\uafxcwce\obj\ARMV7\retail\wceimpl.obj is missing.
BUILD: [00:0000000750:INFO  ] Will Build C:\wince800\osdesigns\qemu\qemu\uafxcwce\wcesock.cpp because target: C:\wince800\osdesigns\qemu\qemu\uafxcwce\obj\ARMV7\retail\wcesock.obj is missing.
BUILD: [00:0000000750:INFO  ] Will Build C:\wince800\osdesigns\qemu\qemu\uafxcwce\wcethunk.cpp because target: C:\wince800\osdesigns\qemu\qemu\uafxcwce\obj\ARMV7\retail\wcethunk.obj is missing.
BUILD: [00:0000000750:INFO  ] Will Build C:\wince800\osdesigns\qemu\qemu\uafxcwce\wcetime.cpp because target: C:\wince800\osdesigns\qemu\qemu\uafxcwce\obj\ARMV7\retail\wcetime.obj is missing.
BUILD: [00:0000000750:PROGC ] Building COMPILE Pass in C:\wince800\osdesigns\qemu\qemu\uafxcwce\ directory.
BUILD: [00:0000000766:PROG  ] 'NMAKE.EXE TargetCompilePass  -nologo BUILDMSG=Stop.  BUILDROOT=C:\wince800\osdesigns\qemu\qemu\uafxcwce\ NOLINK=1 NOPASS0=1' (SYNCHRONIZE_BLOCK = 0)
BUILD: [00:0000000797:PROG  ] Waiting for 1 worker threads.
BUILD: [01:0000000828:INFO  ] makefile.def: Including C:\WINCE800\public\common\oak\misc\Sources.default
BUILD: [01:0000000828:INFO  ] makefile.def: BUILDROOT is C:\wince800\osdesigns\qemu\qemu\uafxcwce\
BUILD: [01:0000000875:INFO  ] makefile.def: Including C:\wince800\osdesigns\qemu\qemu\uafxcwce\sources
BUILD: [01:0000000875:INFO  ] makefile.def: Including C:\WINCE800\public\common\oak\misc\Sources.CE
BUILD: [01:0000000875:INFO  ] Directory: C:\wince800\osdesigns\qemu\qemu\uafxcwce
BUILD: [01:0000000875:INFO  ] TARGETNAME: uafxwce
BUILD: [01:0000000875:INFO  ] makefile.def: Including C:\WINCE800\public\common\oak\misc\sources.ReleaseType_OAK
BUILD: [01:0000001016:PROGC ] Compiling .\afxabort.cpp .\afxasert.cpp .\afxcrit.cpp .\afxdbcs.cpp .\afxinl1.cpp .\afxinl2.cpp .\afxinl3.cpp .\afxmem.cpp .\afxstate.cpp .\afxtls.cpp .\afxtrace.cpp .\appcore.cpp .\appdlg.cpp .\appgray.cpp .\apphelp.cpp .\apphelpx.cpp .\appinit.cpp .\appmodul.cpp .\appprnt.cpp .\appterm.cpp .\appui.cpp .\appui1.cpp .\appui2.cpp .\appui3.cpp .\arccore.cpp .\arcex.cpp .\arcobj.cpp .\arcstrm.cpp .\array_b.cpp .\array_d.cpp .\array_o.cpp .\array_p.cpp .\array_s.cpp .\array_u.cpp .\array_w.cpp .\auxdata.cpp .\barcool.cpp .\barcore.cpp .\bardlg.cpp .\bardock.cpp .\barstat.cpp .\bartool.cpp .\ccdata.cpp .\cmdtarg.cpp .\dlgclr.cpp .\dlgcomm.cpp .\dlgcore.cpp .\dlgdata.cpp .\dlgfile.cpp .\dlgfloat.cpp .\dlgfr.cpp .\dlgprop.cpp .\dlgtempl.cpp .\dllmodul.cpp .\doccore.cpp .\dockcont.cpp .\dockstat.cpp .\docmgr.cpp .\docsingl.cpp .\doctempl.cpp .\dumpcont.cpp .\dumpflt.cpp .\dumpinit.cpp .\dumpout.cpp .\except.cpp .\filecore.cpp .\filelist.cpp .\filemem.cpp .\filest.cpp .\filetxt.cpp .\filex.cpp .\inet.cpp .\list_o.cpp .\list_p.cpp .\list_s.cpp .\map_pp.cpp .\map_pw.cpp .\map_so.cpp .\map_sp.cpp .\map_ss.cpp .\map_wo.cpp .\map_wp.cpp .\mtcore.cpp .\mtex.cpp .\objcore.cpp .\olelock.cpp .\plex.cpp .\sockcore.cpp .\strcore.cpp .\strex.cpp .\thrdcore.cpp .\timecore.cpp .\tooltip.cpp .\trckrect.cpp .\validadd.cpp .\viewcmn.cpp .\viewcore.cpp .\viewedit.cpp .\viewform.cpp .\viewprnt.cpp .\viewscrl.cpp .\winbtn.cpp .\wincore.cpp .\winctrl1.cpp .\winctrl2.cpp .\winctrl6.cpp .\winfrm.cpp .\winfrmx.cpp .\wingdi.cpp .\wingdix.cpp .\winhand.cpp .\winmain.cpp .\winmenu.cpp .\winocc.cpp .\winsplit.cpp .\winstr.cpp .\winutil.cpp .\wcealt.cpp .\wcebar.cpp .\wcedoclt.cpp .\wcedoctm.cpp .\wcedb.cpp .\wcedlgfr.cpp .\wcedlgpr.cpp .\wcedlgsm.cpp .\wcedll.cpp .\wceimpl.cpp .\wcesock.cpp .\wcethunk.cpp .\wcetime.cpp
BUILD: [01:0000001094:INFO  ] cl.exe -nologo   -FoC:\wince800\osdesigns\qemu\qemu\uafxcwce\obj\ARMV7\retail\  /Gy /QRunaligned- -c -I. -Iinclude -IC:\WINCE800\public\common\sdk\inc -IC:\WINCE800\public\shellsdk\sdk\inc -IC:\WINCE800\public\html\sdk\inc -IC:\WINCE800\public\rdp\sdk\inc -IC:\WINCE800\public\servers\sdk\inc -IC:\WINCE800\public\ie7\sdk\inc -IC:\WINCE800\public\gdiex\sdk\inc -IC:\WINCE800\public\dcom\sdk\inc -IC:\WINCE800\public\common\sdk\inc -IC:\WINCE800\public\wceshellfe\oak\inc -IC:\WINCE800\public\shell\oak\inc -IC:\WINCE800\public\shellsdk\sdk\inc -IC:\WINCE800\public\rdp\oak\inc -IC:\WINCE800\public\rdp\sdk\inc -IC:\WINCE800\public\servers\oak\inc -IC:\WINCE800\public\servers\sdk\inc -IC:\WINCE800\public\ie7\sdk\inc -IC:\WINCE800\public\gdiex\sdk\inc -IC:\WINCE800\public\dcom\sdk\inc -IC:\WINCE800\public\common\oak\inc -IC:\WINCE800\public\common\sdk\inc -IC:\WINCE800\public\common\ddk\inc -IC:\WINCE800\private\winceos\inc -IC:\WINCE800\public\common\sdk\inc\test -I. -IC:\WINCE800\public\shellsdk\sdk\inc -IC:\WINCE800\public\html\sdk\inc -IC:\WINCE800\public\rdp\sdk\inc -IC:\WINCE800\public\servers\sdk\inc -IC:\WINCE800\public\ie7\sdk\inc -IC:\WINCE800\public\gdiex\sdk\inc -IC:\WINCE800\public\dcom\sdk\inc -IC:\WINCE800\public\common\sdk\inc -IC:\WINCE800\public\common\sdk\inc\cestl -IC:\WINCE800\public\common\sdk\inc\crt -I.\Resource\0409 -Ox -Os -Oy- -GF -Zi -FdC:\WINCE800\public\\oak\lib\ARMV7\retail\uafxwce.pdb -DTHUMBSUPPORT -D_CRT_SECURE_NO_DEPRECATE -D_USE_32BIT_TIME_T -DUNICODE -D_UNICODE -DUNDER_CE=800 -D_WIN32_WCE=0x0800 -DWIN32 -DSTRICT -DARM -DARMV7 -D_ARM_ -D__RPC_ARM32__ -D_MIDL_USE_GUIDDEF_ -DNDEBUG=1  -IC:\WINCE800\public\common\sdk\inc -Ob0 -D_WIN32_WCE=800 -DUNDER_CE=0x800 -D_AFX_CORE_IMPL -D_AFX_NET_IMPL -D_UNICODE -DUNICODE -DINTERNATIONAL -DINTLMSG_CODEPAGE=1252  -wd4007 -Zc:wchar_t- -Zc:forScope- -wd4867 -wd4430 -wd4603 -wd4627 -wd4100 -wd4201 -wd4115 -wd4214 -wd4049 -wd4505 -MT -U_MT /FC -W3     /GR- .\afxabort.cpp .\afxasert.cpp .\afxcrit.cpp .\afxdbcs.cpp .\afxinl1.cpp .\afxinl2.cpp .\afxinl3.cpp .\afxmem.cpp .\afxstate.cpp .\afxtls.cpp .\afxtrace.cpp .\appcore.cpp .\appdlg.cpp .\appgray.cpp .\apphelp.cpp .\apphelpx.cpp .\appinit.cpp .\appmodul.cpp .\appprnt.cpp .\appterm.cpp .\appui.cpp .\appui1.cpp .\appui2.cpp .\appui3.cpp .\arccore.cpp .\arcex.cpp .\arcobj.cpp .\arcstrm.cpp .\array_b.cpp .\array_d.cpp .\array_o.cpp .\array_p.cpp .\array_s.cpp .\array_u.cpp .\array_w.cpp .\auxdata.cpp .\barcool.cpp .\barcore.cpp .\bardlg.cpp .\bardock.cpp .\barstat.cpp .\bartool.cpp .\ccdata.cpp .\cmdtarg.cpp .\dlgclr.cpp .\dlgcomm.cpp .\dlgcore.cpp .\dlgdata.cpp .\dlgfile.cpp .\dlgfloat.cpp .\dlgfr.cpp .\dlgprop.cpp .\dlgtempl.cpp .\dllmodul.cpp .\doccore.cpp .\dockcont.cpp .\dockstat.cpp .\docmgr.cpp .\docsingl.cpp .\doctempl.cpp .\dumpcont.cpp .\dumpflt.cpp .\dumpinit.cpp .\dumpout.cpp .\except.cpp .\filecore.cpp .\filelist.cpp .\filemem.cpp .\filest.cpp .\filetxt.cpp .\filex.cpp .\inet.cpp .\list_o.cpp .\list_p.cpp .\list_s.cpp .\map_pp.cpp .\map_pw.cpp .\map_so.cpp .\map_sp.cpp .\map_ss.cpp .\map_wo.cpp .\map_wp.cpp .\mtcore.cpp .\mtex.cpp .\objcore.cpp .\olelock.cpp .\plex.cpp .\sockcore.cpp .\strcore.cpp .\strex.cpp .\thrdcore.cpp .\timecore.cpp .\tooltip.cpp .\trckrect.cpp .\validadd.cpp .\viewcmn.cpp .\viewcore.cpp .\viewedit.cpp .\viewform.cpp .\viewprnt.cpp .\viewscrl.cpp .\winbtn.cpp .\wincore.cpp .\winctrl1.cpp .\winctrl2.cpp .\winctrl6.cpp .\winfrm.cpp .\winfrmx.cpp .\wingdi.cpp .\wingdix.cpp .\winhand.cpp .\winmain.cpp .\winmenu.cpp .\winocc.cpp .\winsplit.cpp .\winstr.cpp .\winutil.cpp .\wcealt.cpp .\wcebar.cpp .\wcedoclt.cpp .\wcedoctm.cpp .\wcedb.cpp .\wcedlgfr.cpp .\wcedlgpr.cpp .\wcedlgsm.cpp .\wcedll.cpp .\wceimpl.cpp .\wcesock.cpp .\wcethunk.cpp .\wcetime.cpp 
BUILD: [01:0000001172:INFO  ] afxabort.cpp
BUILD: [01:0000002407:INFO  ] afxasert.cpp
BUILD: [01:0000002797:INFO  ] afxcrit.cpp
BUILD: [01:0000003172:INFO  ] afxdbcs.cpp
BUILD: [01:0000003532:INFO  ] afxinl1.cpp
BUILD: [01:0000003844:INFO  ] afxinl2.cpp
BUILD: [01:0000004125:INFO  ] afxinl3.cpp
BUILD: [01:0000004469:INFO  ] afxmem.cpp
BUILD: [01:0000004813:INFO  ] afxstate.cpp
BUILD: [01:0000005157:INFO  ] afxtls.cpp
BUILD: [01:0000005485:INFO  ] afxtrace.cpp
BUILD: [01:0000005828:INFO  ] appcore.cpp
BUILD: [01:0000006110:INFO  ] appdlg.cpp
BUILD: [01:0000006422:INFO  ] appgray.cpp
BUILD: [01:0000006750:INFO  ] apphelp.cpp
BUILD: [01:0000007094:INFO  ] apphelpx.cpp
BUILD: [01:0000007453:INFO  ] appinit.cpp
BUILD: [01:0000007782:INFO  ] appmodul.cpp
BUILD: [01:0000008063:INFO  ] appprnt.cpp
BUILD: [01:0000008422:INFO  ] appterm.cpp
BUILD: [01:0000008735:INFO  ] Generating Code...
BUILD: [01:0000009860:INFO  ] Compiling...
BUILD: [01:0000009860:INFO  ] appui.cpp
BUILD: [01:0000010610:INFO  ] appui1.cpp
BUILD: [01:0000010953:INFO  ] appui2.cpp
BUILD: [01:0000011297:INFO  ] appui3.cpp
BUILD: [01:0000011641:INFO  ] arccore.cpp
BUILD: [01:0000011969:INFO  ] arcex.cpp
BUILD: [01:0000012250:INFO  ] arcobj.cpp
BUILD: [01:0000012641:INFO  ] arcstrm.cpp
BUILD: [01:0000013000:INFO  ] array_b.cpp
BUILD: [01:0000013407:INFO  ] array_d.cpp
BUILD: [01:0000013782:INFO  ] array_o.cpp
BUILD: [01:0000014078:INFO  ] array_p.cpp
BUILD: [01:0000014500:INFO  ] array_s.cpp
BUILD: [01:0000014875:INFO  ] array_u.cpp
BUILD: [01:0000015219:INFO  ] array_w.cpp
BUILD: [01:0000015547:INFO  ] auxdata.cpp
BUILD: [01:0000015860:INFO  ] barcool.cpp
BUILD: [01:0000016157:INFO  ] barcore.cpp
BUILD: [01:0000016563:INFO  ] bardlg.cpp
BUILD: [01:0000016922:INFO  ] bardock.cpp
BUILD: [01:0000017297:INFO  ] Generating Code...
BUILD: [01:0000018563:INFO  ] Compiling...
BUILD: [01:0000018563:INFO  ] barstat.cpp
BUILD: [01:0000019360:INFO  ] bartool.cpp
BUILD: [01:0000019719:INFO  ] ccdata.cpp
BUILD: [01:0000020000:INFO  ] cmdtarg.cpp
BUILD: [01:0000020360:INFO  ] dlgclr.cpp
BUILD: [01:0000020703:INFO  ] dlgcomm.cpp
BUILD: [01:0000021016:INFO  ] dlgcore.cpp
BUILD: [01:0000021360:INFO  ] dlgdata.cpp
BUILD: [01:0000021657:INFO  ] dlgfile.cpp
BUILD: [01:0000021953:INFO  ] dlgfloat.cpp
BUILD: [01:0000022235:PROGC ] Warning(s) in directory "C:\wince800\osdesigns\qemu\qemu\uafxcwce\".
BUILD: [01:0000022235:WARNN ] c:\wince800\osdesigns\qemu\qemu\uafxcwce\dlgfloat.cpp(79) : warning C4996: '_swprintf': swprintf has been changed to conform with the ISO C standard, adding an extra character count parameter. To use traditional Microsoft swprintf, set _CRT_NON_CONFORMING_SWPRINTFS.
BUILD: [01:0000022250:INFO  ]         c:\wince800\public\common\sdk\inc\crt\wchar.h(810) : see declaration of '_swprintf'
BUILD: [01:0000022250:WARNN ] c:\wince800\osdesigns\qemu\qemu\uafxcwce\dlgfloat.cpp(109) : warning C4996: '_swprintf': swprintf has been changed to conform with the ISO C standard, adding an extra character count parameter. To use traditional Microsoft swprintf, set _CRT_NON_CONFORMING_SWPRINTFS.
BUILD: [01:0000022250:INFO  ]         c:\wince800\public\common\sdk\inc\crt\wchar.h(810) : see declaration of '_swprintf'
BUILD: [01:0000022250:WARNN ] c:\wince800\osdesigns\qemu\qemu\uafxcwce\dlgfloat.cpp(110) : warning C4996: '_swprintf': swprintf has been changed to conform with the ISO C standard, adding an extra character count parameter. To use traditional Microsoft swprintf, set _CRT_NON_CONFORMING_SWPRINTFS.
BUILD: [01:0000022250:INFO  ]         c:\wince800\public\common\sdk\inc\crt\wchar.h(810) : see declaration of '_swprintf'
BUILD: [01:0000022282:INFO  ] dlgfr.cpp
BUILD: [01:0000022703:INFO  ] dlgprop.cpp
BUILD: [01:0000023125:INFO  ] dlgtempl.cpp
BUILD: [01:0000023485:INFO  ] dllmodul.cpp
BUILD: [01:0000023828:INFO  ] doccore.cpp
BUILD: [01:0000024094:INFO  ] dockcont.cpp
BUILD: [01:0000024422:INFO  ] dockstat.cpp
BUILD: [01:0000024766:INFO  ] docmgr.cpp
BUILD: [01:0000025110:INFO  ] docsingl.cpp
BUILD: [01:0000025453:INFO  ] doctempl.cpp
BUILD: [01:0000025797:INFO  ] Generating Code...
BUILD: [01:0000027297:INFO  ] Compiling...
BUILD: [01:0000027297:INFO  ] dumpcont.cpp
BUILD: [01:0000028282:INFO  ] dumpflt.cpp
BUILD: [01:0000028938:INFO  ] dumpinit.cpp
BUILD: [01:0000029469:INFO  ] dumpout.cpp
BUILD: [01:0000029953:INFO  ] except.cpp
BUILD: [01:0000030547:INFO  ] filecore.cpp
BUILD: [01:0000030907:INFO  ] filelist.cpp
BUILD: [01:0000031266:INFO  ] filemem.cpp
BUILD: [01:0000031594:INFO  ] filest.cpp
BUILD: [01:0000031907:INFO  ] filetxt.cpp
BUILD: [01:0000032219:INFO  ] filex.cpp
BUILD: [01:0000032641:INFO  ] inet.cpp
BUILD: [01:0000033016:INFO  ] list_o.cpp
BUILD: [01:0000033391:INFO  ] list_p.cpp
BUILD: [01:0000033735:INFO  ] list_s.cpp
BUILD: [01:0000034032:INFO  ] map_pp.cpp
BUILD: [01:0000034360:INFO  ] map_pw.cpp
BUILD: [01:0000034703:INFO  ] map_so.cpp
BUILD: [01:0000035032:INFO  ] map_sp.cpp
BUILD: [01:0000035360:INFO  ] map_ss.cpp
BUILD: [01:0000035688:INFO  ] Generating Code...
BUILD: [01:0000037000:INFO  ] Compiling...
BUILD: [01:0000037000:INFO  ] map_wo.cpp
BUILD: [01:0000037813:INFO  ] map_wp.cpp
BUILD: [01:0000038125:INFO  ] mtcore.cpp
BUILD: [01:0000038469:INFO  ] mtex.cpp
BUILD: [01:0000038813:INFO  ] objcore.cpp
BUILD: [01:0000039125:INFO  ] olelock.cpp
BUILD: [01:0000039453:INFO  ] plex.cpp
BUILD: [01:0000039797:INFO  ] sockcore.cpp
BUILD: [01:0000040094:INFO  ] strcore.cpp
BUILD: [01:0000040407:INFO  ] strex.cpp
BUILD: [01:0000040750:WARNN ] c:\wince800\osdesigns\qemu\qemu\uafxcwce\strex.cpp(685) : warning C4996: '_swprintf': swprintf has been changed to conform with the ISO C standard, adding an extra character count parameter. To use traditional Microsoft swprintf, set _CRT_NON_CONFORMING_SWPRINTFS.
BUILD: [01:0000040750:INFO  ]         c:\wince800\public\common\sdk\inc\crt\wchar.h(810) : see declaration of '_swprintf'
BUILD: [01:0000040782:INFO  ] thrdcore.cpp
BUILD: [01:0000041141:INFO  ] timecore.cpp
BUILD: [01:0000041500:INFO  ] tooltip.cpp
BUILD: [01:0000041813:INFO  ] trckrect.cpp
BUILD: [01:0000042141:INFO  ] validadd.cpp
BUILD: [01:0000042547:INFO  ] viewcmn.cpp
BUILD: [01:0000043000:INFO  ] viewcore.cpp
BUILD: [01:0000043453:INFO  ] viewedit.cpp
BUILD: [01:0000043828:INFO  ] viewform.cpp
BUILD: [01:0000044141:INFO  ] viewprnt.cpp
BUILD: [01:0000044594:INFO  ] Generating Code...
BUILD: [01:0000046203:INFO  ] Compiling...
BUILD: [01:0000046203:INFO  ] viewscrl.cpp
BUILD: [01:0000047172:INFO  ] winbtn.cpp
BUILD: [01:0000047735:INFO  ] wincore.cpp
BUILD: [01:0000048985:INFO  ] winctrl1.cpp
BUILD: [01:0000049516:INFO  ] winctrl2.cpp
BUILD: [01:0000049860:INFO  ] winctrl6.cpp
BUILD: [01:0000050157:INFO  ] winfrm.cpp
BUILD: [01:0000050516:INFO  ] winfrmx.cpp
BUILD: [01:0000050860:INFO  ] wingdi.cpp
BUILD: [01:0000051266:INFO  ] wingdix.cpp
BUILD: [01:0000051610:INFO  ] winhand.cpp
BUILD: [01:0000051922:INFO  ] winmain.cpp
BUILD: [01:0000052203:INFO  ] winmenu.cpp
BUILD: [01:0000052672:INFO  ] winocc.cpp
BUILD: [01:0000053094:INFO  ] winsplit.cpp
BUILD: [01:0000053469:INFO  ] winstr.cpp
BUILD: [01:0000053891:INFO  ] winutil.cpp
BUILD: [01:0000054203:INFO  ] wcealt.cpp
BUILD: [01:0000054610:INFO  ] wcebar.cpp
BUILD: [01:0000055016:INFO  ] wcedoclt.cpp
BUILD: [01:0000055375:INFO  ] Generating Code...
BUILD: [01:0000057235:INFO  ] Compiling...
BUILD: [01:0000057235:INFO  ] wcedoctm.cpp
BUILD: [01:0000058157:INFO  ] wcedb.cpp
BUILD: [01:0000058578:INFO  ] wcedlgfr.cpp
BUILD: [01:0000058922:INFO  ] wcedlgpr.cpp
BUILD: [01:0000059266:INFO  ] wcedlgsm.cpp
BUILD: [01:0000059594:INFO  ] wcedll.cpp
BUILD: [01:0000059938:INFO  ] wceimpl.cpp
BUILD: [01:0000060235:INFO  ] wcesock.cpp
BUILD: [01:0000060594:INFO  ] wcethunk.cpp
BUILD: [01:0000060922:INFO  ] wcetime.cpp
BUILD: [01:0000061313:INFO  ] Generating Code...
BUILD: [00:0000062375:PROGC ] Starting RENUMBERICONIDS Pass.
BUILD: [00:0000062375:PROGC ] Analyzing project dependency information for pass RENUMBERICONIDS.
BUILD: [00:0000062375:PROGC ] Starting RES2RES Pass.
BUILD: [00:0000062375:PROGC ] Analyzing project dependency information for pass RES2RES.
BUILD: [00:0000062375:PROGC ] Starting LIB Pass.
BUILD: [00:0000062375:PROGC ] Analyzing project dependency information for pass LIB.
BUILD: [00:0000062391:PROG  ] ' prelink.bat' (SYNCHRONIZE_BLOCK = 0)
BUILD: [00:0000062469:PROG  ] Waiting for 1 worker threads.
BUILD: [00:0000062625:INFO  ] Will Build C:\wince800\osdesigns\qemu\qemu\uafxcwce\obj\armv7\retail\afxabort.obj because target: C:\WINCE800\public\\oak\lib\ARMV7\retail\uafxwce.lib is missing.
BUILD: [00:0000062625:INFO  ] Will Build C:\wince800\osdesigns\qemu\qemu\uafxcwce\obj\armv7\retail\afxasert.obj because target: C:\WINCE800\public\\oak\lib\ARMV7\retail\uafxwce.lib is missing.
BUILD: [00:0000062625:INFO  ] Will Build C:\wince800\osdesigns\qemu\qemu\uafxcwce\obj\armv7\retail\afxcrit.obj because target: C:\WINCE800\public\\oak\lib\ARMV7\retail\uafxwce.lib is missing.
BUILD: [00:0000062625:INFO  ] Will Build C:\wince800\osdesigns\qemu\qemu\uafxcwce\obj\armv7\retail\afxdbcs.obj because target: C:\WINCE800\public\\oak\lib\ARMV7\retail\uafxwce.lib is missing.
BUILD: [00:0000062625:INFO  ] Will Build C:\wince800\osdesigns\qemu\qemu\uafxcwce\obj\armv7\retail\afxinl1.obj because target: C:\WINCE800\public\\oak\lib\ARMV7\retail\uafxwce.lib is missing.
BUILD: [00:0000062641:INFO  ] Will Build C:\wince800\osdesigns\qemu\qemu\uafxcwce\obj\armv7\retail\afxinl2.obj because target: C:\WINCE800\public\\oak\lib\ARMV7\retail\uafxwce.lib is missing.
BUILD: [00:0000062641:INFO  ] Will Build C:\wince800\osdesigns\qemu\qemu\uafxcwce\obj\armv7\retail\afxinl3.obj because target: C:\WINCE800\public\\oak\lib\ARMV7\retail\uafxwce.lib is missing.
BUILD: [00:0000062641:INFO  ] Will Build C:\wince800\osdesigns\qemu\qemu\uafxcwce\obj\armv7\retail\afxmem.obj because target: C:\WINCE800\public\\oak\lib\ARMV7\retail\uafxwce.lib is missing.
BUILD: [00:0000062641:INFO  ] Will Build C:\wince800\osdesigns\qemu\qemu\uafxcwce\obj\armv7\retail\afxstate.obj because target: C:\WINCE800\public\\oak\lib\ARMV7\retail\uafxwce.lib is missing.
BUILD: [00:0000062641:INFO  ] Will Build C:\wince800\osdesigns\qemu\qemu\uafxcwce\obj\armv7\retail\afxtls.obj because target: C:\WINCE800\public\\oak\lib\ARMV7\retail\uafxwce.lib is missing.
BUILD: [00:0000062641:INFO  ] Will Build C:\wince800\osdesigns\qemu\qemu\uafxcwce\obj\armv7\retail\afxtrace.obj because target: C:\WINCE800\public\\oak\lib\ARMV7\retail\uafxwce.lib is missing.
BUILD: [00:0000062641:INFO  ] Will Build C:\wince800\osdesigns\qemu\qemu\uafxcwce\obj\armv7\retail\appcore.obj because target: C:\WINCE800\public\\oak\lib\ARMV7\retail\uafxwce.lib is missing.
BUILD: [00:0000062641:INFO  ] Will Build C:\wince800\osdesigns\qemu\qemu\uafxcwce\obj\armv7\retail\appdlg.obj because target: C:\WINCE800\public\\oak\lib\ARMV7\retail\uafxwce.lib is missing.
BUILD: [00:0000062641:INFO  ] Will Build C:\wince800\osdesigns\qemu\qemu\uafxcwce\obj\armv7\retail\appgray.obj because target: C:\WINCE800\public\\oak\lib\ARMV7\retail\uafxwce.lib is missing.
BUILD: [00:0000062641:INFO  ] Will Build C:\wince800\osdesigns\qemu\qemu\uafxcwce\obj\armv7\retail\apphelp.obj because target: C:\WINCE800\public\\oak\lib\ARMV7\retail\uafxwce.lib is missing.
BUILD: [00:0000062641:INFO  ] Will Build C:\wince800\osdesigns\qemu\qemu\uafxcwce\obj\armv7\retail\apphelpx.obj because target: C:\WINCE800\public\\oak\lib\ARMV7\retail\uafxwce.lib is missing.
BUILD: [00:0000062641:INFO  ] Will Build C:\wince800\osdesigns\qemu\qemu\uafxcwce\obj\armv7\retail\appinit.obj because target: C:\WINCE800\public\\oak\lib\ARMV7\retail\uafxwce.lib is missing.
BUILD: [00:0000062641:INFO  ] Will Build C:\wince800\osdesigns\qemu\qemu\uafxcwce\obj\armv7\retail\appmodul.obj because target: C:\WINCE800\public\\oak\lib\ARMV7\retail\uafxwce.lib is missing.
BUILD: [00:0000062641:INFO  ] Will Build C:\wince800\osdesigns\qemu\qemu\uafxcwce\obj\armv7\retail\appprnt.obj because target: C:\WINCE800\public\\oak\lib\ARMV7\retail\uafxwce.lib is missing.
BUILD: [00:0000062641:INFO  ] Will Build C:\wince800\osdesigns\qemu\qemu\uafxcwce\obj\armv7\retail\appterm.obj because target: C:\WINCE800\public\\oak\lib\ARMV7\retail\uafxwce.lib is missing.
BUILD: [00:0000062641:INFO  ] Will Build C:\wince800\osdesigns\qemu\qemu\uafxcwce\obj\armv7\retail\appui.obj because target: C:\WINCE800\public\\oak\lib\ARMV7\retail\uafxwce.lib is missing.
BUILD: [00:0000062641:INFO  ] Will Build C:\wince800\osdesigns\qemu\qemu\uafxcwce\obj\armv7\retail\appui1.obj because target: C:\WINCE800\public\\oak\lib\ARMV7\retail\uafxwce.lib is missing.
BUILD: [00:0000062641:INFO  ] Will Build C:\wince800\osdesigns\qemu\qemu\uafxcwce\obj\armv7\retail\appui2.obj because target: C:\WINCE800\public\\oak\lib\ARMV7\retail\uafxwce.lib is missing.
BUILD: [00:0000062641:INFO  ] Will Build C:\wince800\osdesigns\qemu\qemu\uafxcwce\obj\armv7\retail\appui3.obj because target: C:\WINCE800\public\\oak\lib\ARMV7\retail\uafxwce.lib is missing.
BUILD: [00:0000062641:INFO  ] Will Build C:\wince800\osdesigns\qemu\qemu\uafxcwce\obj\armv7\retail\arccore.obj because target: C:\WINCE800\public\\oak\lib\ARMV7\retail\uafxwce.lib is missing.
BUILD: [00:0000062641:INFO  ] Will Build C:\wince800\osdesigns\qemu\qemu\uafxcwce\obj\armv7\retail\arcex.obj because target: C:\WINCE800\public\\oak\lib\ARMV7\retail\uafxwce.lib is missing.
BUILD: [00:0000062641:INFO  ] Will Build C:\wince800\osdesigns\qemu\qemu\uafxcwce\obj\armv7\retail\arcobj.obj because target: C:\WINCE800\public\\oak\lib\ARMV7\retail\uafxwce.lib is missing.
BUILD: [00:0000062641:INFO  ] Will Build C:\wince800\osdesigns\qemu\qemu\uafxcwce\obj\armv7\retail\arcstrm.obj because target: C:\WINCE800\public\\oak\lib\ARMV7\retail\uafxwce.lib is missing.
BUILD: [00:0000062641:INFO  ] Will Build C:\wince800\osdesigns\qemu\qemu\uafxcwce\obj\armv7\retail\array_b.obj because target: C:\WINCE800\public\\oak\lib\ARMV7\retail\uafxwce.lib is missing.
BUILD: [00:0000062641:INFO  ] Will Build C:\wince800\osdesigns\qemu\qemu\uafxcwce\obj\armv7\retail\array_d.obj because target: C:\WINCE800\public\\oak\lib\ARMV7\retail\uafxwce.lib is missing.
BUILD: [00:0000062641:INFO  ] Will Build C:\wince800\osdesigns\qemu\qemu\uafxcwce\obj\armv7\retail\array_o.obj because target: C:\WINCE800\public\\oak\lib\ARMV7\retail\uafxwce.lib is missing.
BUILD: [00:0000062641:INFO  ] Will Build C:\wince800\osdesigns\qemu\qemu\uafxcwce\obj\armv7\retail\array_p.obj because target: C:\WINCE800\public\\oak\lib\ARMV7\retail\uafxwce.lib is missing.
BUILD: [00:0000062641:INFO  ] Will Build C:\wince800\osdesigns\qemu\qemu\uafxcwce\obj\armv7\retail\array_s.obj because target: C:\WINCE800\public\\oak\lib\ARMV7\retail\uafxwce.lib is missing.
BUILD: [00:0000062641:INFO  ] Will Build C:\wince800\osdesigns\qemu\qemu\uafxcwce\obj\armv7\retail\array_u.obj because target: C:\WINCE800\public\\oak\lib\ARMV7\retail\uafxwce.lib is missing.
BUILD: [00:0000062641:INFO  ] Will Build C:\wince800\osdesigns\qemu\qemu\uafxcwce\obj\armv7\retail\array_w.obj because target: C:\WINCE800\public\\oak\lib\ARMV7\retail\uafxwce.lib is missing.
BUILD: [00:0000062641:INFO  ] Will Build C:\wince800\osdesigns\qemu\qemu\uafxcwce\obj\armv7\retail\auxdata.obj because target: C:\WINCE800\public\\oak\lib\ARMV7\retail\uafxwce.lib is missing.
BUILD: [00:0000062641:INFO  ] Will Build C:\wince800\osdesigns\qemu\qemu\uafxcwce\obj\armv7\retail\barcool.obj because target: C:\WINCE800\public\\oak\lib\ARMV7\retail\uafxwce.lib is missing.
BUILD: [00:0000062641:INFO  ] Will Build C:\wince800\osdesigns\qemu\qemu\uafxcwce\obj\armv7\retail\barcore.obj because target: C:\WINCE800\public\\oak\lib\ARMV7\retail\uafxwce.lib is missing.
BUILD: [00:0000062641:INFO  ] Will Build C:\wince800\osdesigns\qemu\qemu\uafxcwce\obj\armv7\retail\bardlg.obj because target: C:\WINCE800\public\\oak\lib\ARMV7\retail\uafxwce.lib is missing.
BUILD: [00:0000062641:INFO  ] Will Build C:\wince800\osdesigns\qemu\qemu\uafxcwce\obj\armv7\retail\bardock.obj because target: C:\WINCE800\public\\oak\lib\ARMV7\retail\uafxwce.lib is missing.
BUILD: [00:0000062641:INFO  ] Will Build C:\wince800\osdesigns\qemu\qemu\uafxcwce\obj\armv7\retail\barstat.obj because target: C:\WINCE800\public\\oak\lib\ARMV7\retail\uafxwce.lib is missing.
BUILD: [00:0000062641:INFO  ] Will Build C:\wince800\osdesigns\qemu\qemu\uafxcwce\obj\armv7\retail\bartool.obj because target: C:\WINCE800\public\\oak\lib\ARMV7\retail\uafxwce.lib is missing.
BUILD: [00:0000062641:INFO  ] Will Build C:\wince800\osdesigns\qemu\qemu\uafxcwce\obj\armv7\retail\ccdata.obj because target: C:\WINCE800\public\\oak\lib\ARMV7\retail\uafxwce.lib is missing.
BUILD: [00:0000062641:INFO  ] Will Build C:\wince800\osdesigns\qemu\qemu\uafxcwce\obj\armv7\retail\cmdtarg.obj because target: C:\WINCE800\public\\oak\lib\ARMV7\retail\uafxwce.lib is missing.
BUILD: [00:0000062641:INFO  ] Will Build C:\wince800\osdesigns\qemu\qemu\uafxcwce\obj\armv7\retail\dlgclr.obj because target: C:\WINCE800\public\\oak\lib\ARMV7\retail\uafxwce.lib is missing.
BUILD: [00:0000062641:INFO  ] Will Build C:\wince800\osdesigns\qemu\qemu\uafxcwce\obj\armv7\retail\dlgcomm.obj because target: C:\WINCE800\public\\oak\lib\ARMV7\retail\uafxwce.lib is missing.
BUILD: [00:0000062641:INFO  ] Will Build C:\wince800\osdesigns\qemu\qemu\uafxcwce\obj\armv7\retail\dlgcore.obj because target: C:\WINCE800\public\\oak\lib\ARMV7\retail\uafxwce.lib is missing.
BUILD: [00:0000062641:INFO  ] Will Build C:\wince800\osdesigns\qemu\qemu\uafxcwce\obj\armv7\retail\dlgdata.obj because target: C:\WINCE800\public\\oak\lib\ARMV7\retail\uafxwce.lib is missing.
BUILD: [00:0000062641:INFO  ] Will Build C:\wince800\osdesigns\qemu\qemu\uafxcwce\obj\armv7\retail\dlgfile.obj because target: C:\WINCE800\public\\oak\lib\ARMV7\retail\uafxwce.lib is missing.
BUILD: [00:0000062641:INFO  ] Will Build C:\wince800\osdesigns\qemu\qemu\uafxcwce\obj\armv7\retail\dlgfloat.obj because target: C:\WINCE800\public\\oak\lib\ARMV7\retail\uafxwce.lib is missing.
BUILD: [00:0000062641:INFO  ] Will Build C:\wince800\osdesigns\qemu\qemu\uafxcwce\obj\armv7\retail\dlgfr.obj because target: C:\WINCE800\public\\oak\lib\ARMV7\retail\uafxwce.lib is missing.
BUILD: [00:0000062641:INFO  ] Will Build C:\wince800\osdesigns\qemu\qemu\uafxcwce\obj\armv7\retail\dlgprop.obj because target: C:\WINCE800\public\\oak\lib\ARMV7\retail\uafxwce.lib is missing.
BUILD: [00:0000062641:INFO  ] Will Build C:\wince800\osdesigns\qemu\qemu\uafxcwce\obj\armv7\retail\dlgtempl.obj because target: C:\WINCE800\public\\oak\lib\ARMV7\retail\uafxwce.lib is missing.
BUILD: [00:0000062641:INFO  ] Will Build C:\wince800\osdesigns\qemu\qemu\uafxcwce\obj\armv7\retail\dllmodul.obj because target: C:\WINCE800\public\\oak\lib\ARMV7\retail\uafxwce.lib is missing.
BUILD: [00:0000062641:INFO  ] Will Build C:\wince800\osdesigns\qemu\qemu\uafxcwce\obj\armv7\retail\doccore.obj because target: C:\WINCE800\public\\oak\lib\ARMV7\retail\uafxwce.lib is missing.
BUILD: [00:0000062641:INFO  ] Will Build C:\wince800\osdesigns\qemu\qemu\uafxcwce\obj\armv7\retail\dockcont.obj because target: C:\WINCE800\public\\oak\lib\ARMV7\retail\uafxwce.lib is missing.
BUILD: [00:0000062641:INFO  ] Will Build C:\wince800\osdesigns\qemu\qemu\uafxcwce\obj\armv7\retail\dockstat.obj because target: C:\WINCE800\public\\oak\lib\ARMV7\retail\uafxwce.lib is missing.
BUILD: [00:0000062641:INFO  ] Will Build C:\wince800\osdesigns\qemu\qemu\uafxcwce\obj\armv7\retail\docmgr.obj because target: C:\WINCE800\public\\oak\lib\ARMV7\retail\uafxwce.lib is missing.
BUILD: [00:0000062641:INFO  ] Will Build C:\wince800\osdesigns\qemu\qemu\uafxcwce\obj\armv7\retail\docsingl.obj because target: C:\WINCE800\public\\oak\lib\ARMV7\retail\uafxwce.lib is missing.
BUILD: [00:0000062641:INFO  ] Will Build C:\wince800\osdesigns\qemu\qemu\uafxcwce\obj\armv7\retail\doctempl.obj because target: C:\WINCE800\public\\oak\lib\ARMV7\retail\uafxwce.lib is missing.
BUILD: [00:0000062641:INFO  ] Will Build C:\wince800\osdesigns\qemu\qemu\uafxcwce\obj\armv7\retail\dumpcont.obj because target: C:\WINCE800\public\\oak\lib\ARMV7\retail\uafxwce.lib is missing.
BUILD: [00:0000062641:INFO  ] Will Build C:\wince800\osdesigns\qemu\qemu\uafxcwce\obj\armv7\retail\dumpflt.obj because target: C:\WINCE800\public\\oak\lib\ARMV7\retail\uafxwce.lib is missing.
BUILD: [00:0000062641:INFO  ] Will Build C:\wince800\osdesigns\qemu\qemu\uafxcwce\obj\armv7\retail\dumpinit.obj because target: C:\WINCE800\public\\oak\lib\ARMV7\retail\uafxwce.lib is missing.
BUILD: [00:0000062641:INFO  ] Will Build C:\wince800\osdesigns\qemu\qemu\uafxcwce\obj\armv7\retail\dumpout.obj because target: C:\WINCE800\public\\oak\lib\ARMV7\retail\uafxwce.lib is missing.
BUILD: [00:0000062641:INFO  ] Will Build C:\wince800\osdesigns\qemu\qemu\uafxcwce\obj\armv7\retail\except.obj because target: C:\WINCE800\public\\oak\lib\ARMV7\retail\uafxwce.lib is missing.
BUILD: [00:0000062641:INFO  ] Will Build C:\wince800\osdesigns\qemu\qemu\uafxcwce\obj\armv7\retail\filecore.obj because target: C:\WINCE800\public\\oak\lib\ARMV7\retail\uafxwce.lib is missing.
BUILD: [00:0000062641:INFO  ] Will Build C:\wince800\osdesigns\qemu\qemu\uafxcwce\obj\armv7\retail\filelist.obj because target: C:\WINCE800\public\\oak\lib\ARMV7\retail\uafxwce.lib is missing.
BUILD: [00:0000062641:INFO  ] Will Build C:\wince800\osdesigns\qemu\qemu\uafxcwce\obj\armv7\retail\filemem.obj because target: C:\WINCE800\public\\oak\lib\ARMV7\retail\uafxwce.lib is missing.
BUILD: [00:0000062641:INFO  ] Will Build C:\wince800\osdesigns\qemu\qemu\uafxcwce\obj\armv7\retail\filest.obj because target: C:\WINCE800\public\\oak\lib\ARMV7\retail\uafxwce.lib is missing.
BUILD: [00:0000062641:INFO  ] Will Build C:\wince800\osdesigns\qemu\qemu\uafxcwce\obj\armv7\retail\filetxt.obj because target: C:\WINCE800\public\\oak\lib\ARMV7\retail\uafxwce.lib is missing.
BUILD: [00:0000062641:INFO  ] Will Build C:\wince800\osdesigns\qemu\qemu\uafxcwce\obj\armv7\retail\filex.obj because target: C:\WINCE800\public\\oak\lib\ARMV7\retail\uafxwce.lib is missing.
BUILD: [00:0000062641:INFO  ] Will Build C:\wince800\osdesigns\qemu\qemu\uafxcwce\obj\armv7\retail\inet.obj because target: C:\WINCE800\public\\oak\lib\ARMV7\retail\uafxwce.lib is missing.
BUILD: [00:0000062641:INFO  ] Will Build C:\wince800\osdesigns\qemu\qemu\uafxcwce\obj\armv7\retail\list_o.obj because target: C:\WINCE800\public\\oak\lib\ARMV7\retail\uafxwce.lib is missing.
BUILD: [00:0000062641:INFO  ] Will Build C:\wince800\osdesigns\qemu\qemu\uafxcwce\obj\armv7\retail\list_p.obj because target: C:\WINCE800\public\\oak\lib\ARMV7\retail\uafxwce.lib is missing.
BUILD: [00:0000062641:INFO  ] Will Build C:\wince800\osdesigns\qemu\qemu\uafxcwce\obj\armv7\retail\list_s.obj because target: C:\WINCE800\public\\oak\lib\ARMV7\retail\uafxwce.lib is missing.
BUILD: [00:0000062641:INFO  ] Will Build C:\wince800\osdesigns\qemu\qemu\uafxcwce\obj\armv7\retail\map_pp.obj because target: C:\WINCE800\public\\oak\lib\ARMV7\retail\uafxwce.lib is missing.
BUILD: [00:0000062641:INFO  ] Will Build C:\wince800\osdesigns\qemu\qemu\uafxcwce\obj\armv7\retail\map_pw.obj because target: C:\WINCE800\public\\oak\lib\ARMV7\retail\uafxwce.lib is missing.
BUILD: [00:0000062641:INFO  ] Will Build C:\wince800\osdesigns\qemu\qemu\uafxcwce\obj\armv7\retail\map_so.obj because target: C:\WINCE800\public\\oak\lib\ARMV7\retail\uafxwce.lib is missing.
BUILD: [00:0000062641:INFO  ] Will Build C:\wince800\osdesigns\qemu\qemu\uafxcwce\obj\armv7\retail\map_sp.obj because target: C:\WINCE800\public\\oak\lib\ARMV7\retail\uafxwce.lib is missing.
BUILD: [00:0000062641:INFO  ] Will Build C:\wince800\osdesigns\qemu\qemu\uafxcwce\obj\armv7\retail\map_ss.obj because target: C:\WINCE800\public\\oak\lib\ARMV7\retail\uafxwce.lib is missing.
BUILD: [00:0000062641:INFO  ] Will Build C:\wince800\osdesigns\qemu\qemu\uafxcwce\obj\armv7\retail\map_wo.obj because target: C:\WINCE800\public\\oak\lib\ARMV7\retail\uafxwce.lib is missing.
BUILD: [00:0000062641:INFO  ] Will Build C:\wince800\osdesigns\qemu\qemu\uafxcwce\obj\armv7\retail\map_wp.obj because target: C:\WINCE800\public\\oak\lib\ARMV7\retail\uafxwce.lib is missing.
BUILD: [00:0000062641:INFO  ] Will Build C:\wince800\osdesigns\qemu\qemu\uafxcwce\obj\armv7\retail\mtcore.obj because target: C:\WINCE800\public\\oak\lib\ARMV7\retail\uafxwce.lib is missing.
BUILD: [00:0000062641:INFO  ] Will Build C:\wince800\osdesigns\qemu\qemu\uafxcwce\obj\armv7\retail\mtex.obj because target: C:\WINCE800\public\\oak\lib\ARMV7\retail\uafxwce.lib is missing.
BUILD: [00:0000062641:INFO  ] Will Build C:\wince800\osdesigns\qemu\qemu\uafxcwce\obj\armv7\retail\objcore.obj because target: C:\WINCE800\public\\oak\lib\ARMV7\retail\uafxwce.lib is missing.
BUILD: [00:0000062641:INFO  ] Will Build C:\wince800\osdesigns\qemu\qemu\uafxcwce\obj\armv7\retail\olelock.obj because target: C:\WINCE800\public\\oak\lib\ARMV7\retail\uafxwce.lib is missing.
BUILD: [00:0000062641:INFO  ] Will Build C:\wince800\osdesigns\qemu\qemu\uafxcwce\obj\armv7\retail\plex.obj because target: C:\WINCE800\public\\oak\lib\ARMV7\retail\uafxwce.lib is missing.
BUILD: [00:0000062641:INFO  ] Will Build C:\wince800\osdesigns\qemu\qemu\uafxcwce\obj\armv7\retail\sockcore.obj because target: C:\WINCE800\public\\oak\lib\ARMV7\retail\uafxwce.lib is missing.
BUILD: [00:0000062641:INFO  ] Will Build C:\wince800\osdesigns\qemu\qemu\uafxcwce\obj\armv7\retail\strcore.obj because target: C:\WINCE800\public\\oak\lib\ARMV7\retail\uafxwce.lib is missing.
BUILD: [00:0000062641:INFO  ] Will Build C:\wince800\osdesigns\qemu\qemu\uafxcwce\obj\armv7\retail\strex.obj because target: C:\WINCE800\public\\oak\lib\ARMV7\retail\uafxwce.lib is missing.
BUILD: [00:0000062641:INFO  ] Will Build C:\wince800\osdesigns\qemu\qemu\uafxcwce\obj\armv7\retail\thrdcore.obj because target: C:\WINCE800\public\\oak\lib\ARMV7\retail\uafxwce.lib is missing.
BUILD: [00:0000062641:INFO  ] Will Build C:\wince800\osdesigns\qemu\qemu\uafxcwce\obj\armv7\retail\timecore.obj because target: C:\WINCE800\public\\oak\lib\ARMV7\retail\uafxwce.lib is missing.
BUILD: [00:0000062641:INFO  ] Will Build C:\wince800\osdesigns\qemu\qemu\uafxcwce\obj\armv7\retail\tooltip.obj because target: C:\WINCE800\public\\oak\lib\ARMV7\retail\uafxwce.lib is missing.
BUILD: [00:0000062641:INFO  ] Will Build C:\wince800\osdesigns\qemu\qemu\uafxcwce\obj\armv7\retail\trckrect.obj because target: C:\WINCE800\public\\oak\lib\ARMV7\retail\uafxwce.lib is missing.
BUILD: [00:0000062641:INFO  ] Will Build C:\wince800\osdesigns\qemu\qemu\uafxcwce\obj\armv7\retail\validadd.obj because target: C:\WINCE800\public\\oak\lib\ARMV7\retail\uafxwce.lib is missing.
BUILD: [00:0000062641:INFO  ] Will Build C:\wince800\osdesigns\qemu\qemu\uafxcwce\obj\armv7\retail\viewcmn.obj because target: C:\WINCE800\public\\oak\lib\ARMV7\retail\uafxwce.lib is missing.
BUILD: [00:0000062641:INFO  ] Will Build C:\wince800\osdesigns\qemu\qemu\uafxcwce\obj\armv7\retail\viewcore.obj because target: C:\WINCE800\public\\oak\lib\ARMV7\retail\uafxwce.lib is missing.
BUILD: [00:0000062641:INFO  ] Will Build C:\wince800\osdesigns\qemu\qemu\uafxcwce\obj\armv7\retail\viewedit.obj because target: C:\WINCE800\public\\oak\lib\ARMV7\retail\uafxwce.lib is missing.
BUILD: [00:0000062641:INFO  ] Will Build C:\wince800\osdesigns\qemu\qemu\uafxcwce\obj\armv7\retail\viewform.obj because target: C:\WINCE800\public\\oak\lib\ARMV7\retail\uafxwce.lib is missing.
BUILD: [00:0000062641:INFO  ] Will Build C:\wince800\osdesigns\qemu\qemu\uafxcwce\obj\armv7\retail\viewprnt.obj because target: C:\WINCE800\public\\oak\lib\ARMV7\retail\uafxwce.lib is missing.
BUILD: [00:0000062641:INFO  ] Will Build C:\wince800\osdesigns\qemu\qemu\uafxcwce\obj\armv7\retail\viewscrl.obj because target: C:\WINCE800\public\\oak\lib\ARMV7\retail\uafxwce.lib is missing.
BUILD: [00:0000062641:INFO  ] Will Build C:\wince800\osdesigns\qemu\qemu\uafxcwce\obj\armv7\retail\winbtn.obj because target: C:\WINCE800\public\\oak\lib\ARMV7\retail\uafxwce.lib is missing.
BUILD: [00:0000062641:INFO  ] Will Build C:\wince800\osdesigns\qemu\qemu\uafxcwce\obj\armv7\retail\wincore.obj because target: C:\WINCE800\public\\oak\lib\ARMV7\retail\uafxwce.lib is missing.
BUILD: [00:0000062641:INFO  ] Will Build C:\wince800\osdesigns\qemu\qemu\uafxcwce\obj\armv7\retail\winctrl1.obj because target: C:\WINCE800\public\\oak\lib\ARMV7\retail\uafxwce.lib is missing.
BUILD: [00:0000062641:INFO  ] Will Build C:\wince800\osdesigns\qemu\qemu\uafxcwce\obj\armv7\retail\winctrl2.obj because target: C:\WINCE800\public\\oak\lib\ARMV7\retail\uafxwce.lib is missing.
BUILD: [00:0000062641:INFO  ] Will Build C:\wince800\osdesigns\qemu\qemu\uafxcwce\obj\armv7\retail\winctrl6.obj because target: C:\WINCE800\public\\oak\lib\ARMV7\retail\uafxwce.lib is missing.
BUILD: [00:0000062641:INFO  ] Will Build C:\wince800\osdesigns\qemu\qemu\uafxcwce\obj\armv7\retail\winfrm.obj because target: C:\WINCE800\public\\oak\lib\ARMV7\retail\uafxwce.lib is missing.
BUILD: [00:0000062641:INFO  ] Will Build C:\wince800\osdesigns\qemu\qemu\uafxcwce\obj\armv7\retail\winfrmx.obj because target: C:\WINCE800\public\\oak\lib\ARMV7\retail\uafxwce.lib is missing.
BUILD: [00:0000062641:INFO  ] Will Build C:\wince800\osdesigns\qemu\qemu\uafxcwce\obj\armv7\retail\wingdi.obj because target: C:\WINCE800\public\\oak\lib\ARMV7\retail\uafxwce.lib is missing.
BUILD: [00:0000062641:INFO  ] Will Build C:\wince800\osdesigns\qemu\qemu\uafxcwce\obj\armv7\retail\wingdix.obj because target: C:\WINCE800\public\\oak\lib\ARMV7\retail\uafxwce.lib is missing.
BUILD: [00:0000062641:INFO  ] Will Build C:\wince800\osdesigns\qemu\qemu\uafxcwce\obj\armv7\retail\winhand.obj because target: C:\WINCE800\public\\oak\lib\ARMV7\retail\uafxwce.lib is missing.
BUILD: [00:0000062641:INFO  ] Will Build C:\wince800\osdesigns\qemu\qemu\uafxcwce\obj\armv7\retail\winmain.obj because target: C:\WINCE800\public\\oak\lib\ARMV7\retail\uafxwce.lib is missing.
BUILD: [00:0000062641:INFO  ] Will Build C:\wince800\osdesigns\qemu\qemu\uafxcwce\obj\armv7\retail\winmenu.obj because target: C:\WINCE800\public\\oak\lib\ARMV7\retail\uafxwce.lib is missing.
BUILD: [00:0000062641:INFO  ] Will Build C:\wince800\osdesigns\qemu\qemu\uafxcwce\obj\armv7\retail\winocc.obj because target: C:\WINCE800\public\\oak\lib\ARMV7\retail\uafxwce.lib is missing.
BUILD: [00:0000062641:INFO  ] Will Build C:\wince800\osdesigns\qemu\qemu\uafxcwce\obj\armv7\retail\winsplit.obj because target: C:\WINCE800\public\\oak\lib\ARMV7\retail\uafxwce.lib is missing.
BUILD: [00:0000062641:INFO  ] Will Build C:\wince800\osdesigns\qemu\qemu\uafxcwce\obj\armv7\retail\winstr.obj because target: C:\WINCE800\public\\oak\lib\ARMV7\retail\uafxwce.lib is missing.
BUILD: [00:0000062641:INFO  ] Will Build C:\wince800\osdesigns\qemu\qemu\uafxcwce\obj\armv7\retail\winutil.obj because target: C:\WINCE800\public\\oak\lib\ARMV7\retail\uafxwce.lib is missing.
BUILD: [00:0000062641:INFO  ] Will Build C:\wince800\osdesigns\qemu\qemu\uafxcwce\obj\armv7\retail\wcealt.obj because target: C:\WINCE800\public\\oak\lib\ARMV7\retail\uafxwce.lib is missing.
BUILD: [00:0000062641:INFO  ] Will Build C:\wince800\osdesigns\qemu\qemu\uafxcwce\obj\armv7\retail\wcebar.obj because target: C:\WINCE800\public\\oak\lib\ARMV7\retail\uafxwce.lib is missing.
BUILD: [00:0000062641:INFO  ] Will Build C:\wince800\osdesigns\qemu\qemu\uafxcwce\obj\armv7\retail\wcedoclt.obj because target: C:\WINCE800\public\\oak\lib\ARMV7\retail\uafxwce.lib is missing.
BUILD: [00:0000062641:INFO  ] Will Build C:\wince800\osdesigns\qemu\qemu\uafxcwce\obj\armv7\retail\wcedoctm.obj because target: C:\WINCE800\public\\oak\lib\ARMV7\retail\uafxwce.lib is missing.
BUILD: [00:0000062641:INFO  ] Will Build C:\wince800\osdesigns\qemu\qemu\uafxcwce\obj\armv7\retail\wcedb.obj because target: C:\WINCE800\public\\oak\lib\ARMV7\retail\uafxwce.lib is missing.
BUILD: [00:0000062641:INFO  ] Will Build C:\wince800\osdesigns\qemu\qemu\uafxcwce\obj\armv7\retail\wcedlgfr.obj because target: C:\WINCE800\public\\oak\lib\ARMV7\retail\uafxwce.lib is missing.
BUILD: [00:0000062641:INFO  ] Will Build C:\wince800\osdesigns\qemu\qemu\uafxcwce\obj\armv7\retail\wcedlgpr.obj because target: C:\WINCE800\public\\oak\lib\ARMV7\retail\uafxwce.lib is missing.
BUILD: [00:0000062641:INFO  ] Will Build C:\wince800\osdesigns\qemu\qemu\uafxcwce\obj\armv7\retail\wcedlgsm.obj because target: C:\WINCE800\public\\oak\lib\ARMV7\retail\uafxwce.lib is missing.
BUILD: [00:0000062641:INFO  ] Will Build C:\wince800\osdesigns\qemu\qemu\uafxcwce\obj\armv7\retail\wcedll.obj because target: C:\WINCE800\public\\oak\lib\ARMV7\retail\uafxwce.lib is missing.
BUILD: [00:0000062641:INFO  ] Will Build C:\wince800\osdesigns\qemu\qemu\uafxcwce\obj\armv7\retail\wceimpl.obj because target: C:\WINCE800\public\\oak\lib\ARMV7\retail\uafxwce.lib is missing.
BUILD: [00:0000062641:INFO  ] Will Build C:\wince800\osdesigns\qemu\qemu\uafxcwce\obj\armv7\retail\wcesock.obj because target: C:\WINCE800\public\\oak\lib\ARMV7\retail\uafxwce.lib is missing.
BUILD: [00:0000062641:INFO  ] Will Build C:\wince800\osdesigns\qemu\qemu\uafxcwce\obj\armv7\retail\wcethunk.obj because target: C:\WINCE800\public\\oak\lib\ARMV7\retail\uafxwce.lib is missing.
BUILD: [00:0000062641:INFO  ] Will Build C:\wince800\osdesigns\qemu\qemu\uafxcwce\obj\armv7\retail\wcetime.obj because target: C:\WINCE800\public\\oak\lib\ARMV7\retail\uafxwce.lib is missing.
BUILD: [00:0000062641:INFO  ] Will Build C:\wince800\osdesigns\qemu\qemu\uafxcwce\ because target: C:\WINCE800\public\\oak\lib\ARMV7\retail\uafxwce.lib is missing.
BUILD: [00:0000062641:PROGC ] Building LIB Pass in C:\wince800\osdesigns\qemu\qemu\uafxcwce\ directory.
BUILD: [00:0000062657:PROG  ] 'NMAKE.EXE TargetLibFiles  -nologo BUILDMSG=Stop.  BUILDROOT=C:\wince800\osdesigns\qemu\qemu\uafxcwce\ LINKONLY=1 NOPASS0=1' (SYNCHRONIZE_BLOCK = 0)
BUILD: [00:0000062688:PROG  ] Waiting for 1 worker threads.
BUILD: [01:0000062735:INFO  ] makefile.def: Including C:\WINCE800\public\common\oak\misc\Sources.default
BUILD: [01:0000062735:INFO  ] makefile.def: BUILDROOT is C:\wince800\osdesigns\qemu\qemu\uafxcwce\
BUILD: [01:0000062782:INFO  ] makefile.def: Including C:\wince800\osdesigns\qemu\qemu\uafxcwce\sources
BUILD: [01:0000062782:INFO  ] makefile.def: Including C:\WINCE800\public\common\oak\misc\Sources.CE
BUILD: [01:0000062782:INFO  ] Directory: C:\wince800\osdesigns\qemu\qemu\uafxcwce
BUILD: [01:0000062782:INFO  ] TARGETNAME: uafxwce
BUILD: [01:0000062782:INFO  ] makefile.def: Including C:\WINCE800\public\common\oak\misc\sources.ReleaseType_OAK
BUILD: [01:0000062844:INFO  ] .
BUILD: [01:0000062953:PROGC ] Linking C:\WINCE800\public\\oak\lib\ARMV7\retail\uafxwce.lib
BUILD: [01:0000062969:INFO  ] 	link.exe -lib  -out:C:\WINCE800\public\\oak\lib\ARMV7\retail\uafxwce.lib -machine:ARM @C:\Users\andyv\AppData\Local\Temp\bld_107562\thr_15\nmB055.tmp
BUILD: [01:0000063875:PROGC ] Warning(s) in directory "C:\wince800\osdesigns\qemu\qemu\uafxcwce\".
BUILD: [01:0000063875:WARNN ] wceimpl.obj : warning LNK4221: This object file does not define any previously undefined public symbols, so it will not be used by any link operation that consumes this library
BUILD: [01:0000063875:WARNN ] wcedll.obj : warning LNK4221: This object file does not define any previously undefined public symbols, so it will not be used by any link operation that consumes this library
BUILD: [01:0000063875:WARNN ] wcedlgsm.obj : warning LNK4221: This object file does not define any previously undefined public symbols, so it will not be used by any link operation that consumes this library
BUILD: [01:0000063875:WARNN ] wcedoctm.obj : warning LNK4221: This object file does not define any previously undefined public symbols, so it will not be used by any link operation that consumes this library
BUILD: [01:0000063875:WARNN ] wcedoclt.obj : warning LNK4221: This object file does not define any previously undefined public symbols, so it will not be used by any link operation that consumes this library
BUILD: [01:0000063891:WARNN ] tooltip.obj : warning LNK4221: This object file does not define any previously undefined public symbols, so it will not be used by any link operation that consumes this library
BUILD: [01:0000063907:WARNN ] dumpout.obj : warning LNK4221: This object file does not define any previously undefined public symbols, so it will not be used by any link operation that consumes this library
BUILD: [01:0000063907:WARNN ] dumpinit.obj : warning LNK4221: This object file does not define any previously undefined public symbols, so it will not be used by any link operation that consumes this library
BUILD: [01:0000063907:WARNN ] dumpflt.obj : warning LNK4221: This object file does not define any previously undefined public symbols, so it will not be used by any link operation that consumes this library
BUILD: [01:0000063907:WARNN ] dockstat.obj : warning LNK4221: This object file does not define any previously undefined public symbols, so it will not be used by any link operation that consumes this library
BUILD: [01:0000063907:WARNN ] dockcont.obj : warning LNK4221: This object file does not define any previously undefined public symbols, so it will not be used by any link operation that consumes this library
BUILD: [01:0000063922:WARNN ] bardock.obj : warning LNK4221: This object file does not define any previously undefined public symbols, so it will not be used by any link operation that consumes this library
BUILD: [01:0000063922:WARNN ] afxtrace.obj : warning LNK4221: This object file does not define any previously undefined public symbols, so it will not be used by any link operation that consumes this library
BUILD: [01:0000063938:WARNN ] afxinl3.obj : warning LNK4221: This object file does not define any previously undefined public symbols, so it will not be used by any link operation that consumes this library
BUILD: [01:0000063938:WARNN ] afxinl2.obj : warning LNK4221: This object file does not define any previously undefined public symbols, so it will not be used by any link operation that consumes this library
BUILD: [01:0000063938:WARNN ] afxinl1.obj : warning LNK4221: This object file does not define any previously undefined public symbols, so it will not be used by any link operation that consumes this library
BUILD: [01:0000063938:WARNN ] afxdbcs.obj : warning LNK4221: This object file does not define any previously undefined public symbols, so it will not be used by any link operation that consumes this library
BUILD: [01:0000063938:WARNN ] afxasert.obj : warning LNK4221: This object file does not define any previously undefined public symbols, so it will not be used by any link operation that consumes this library
BUILD: [00:0000064032:PROGC ] Starting EXPLIB Pass.
BUILD: [00:0000064032:PROGC ] Analyzing project dependency information for pass EXPLIB.
BUILD: [00:0000064032:PROGC ] Starting LINK Pass.
BUILD: [00:0000064032:PROGC ] Analyzing project dependency information for pass LINK.
BUILD: [00:0000064032:PROGC ] Starting LOCALIZE Pass.
BUILD: [00:0000064047:PROGC ] Analyzing project dependency information for pass LOCALIZE.
BUILD: [00:0000064047:PROGC ] Starting MANAGEDRESX Pass.
BUILD: [00:0000064047:PROGC ] Analyzing project dependency information for pass MANAGEDRESX.
BUILD: [00:0000064047:PROGC ] Starting MANAGEDMOD Pass.
BUILD: [00:0000064047:PROGC ] Analyzing project dependency information for pass MANAGEDMOD.
BUILD: [00:0000064047:PROGC ] Starting MANAGEDDLL Pass.
BUILD: [00:0000064047:PROGC ] Analyzing project dependency information for pass MANAGEDDLL.
BUILD: [00:0000064047:PROGC ] Starting MANAGEDEXE Pass.
BUILD: [00:0000064047:PROGC ] Analyzing project dependency information for pass MANAGEDEXE.
BUILD: [00:0000064047:PROGC ] Starting MANAGEDWIN Pass.
BUILD: [00:0000064047:PROGC ] Analyzing project dependency information for pass MANAGEDWIN.
BUILD: [00:0000064047:PROGC ] Starting POSTBUILD Pass.
BUILD: [00:0000064047:PROGC ] Analyzing project dependency information for pass POSTBUILD.
BUILD: [00:0000064047:PROG  ] ' postlink.bat' (SYNCHRONIZE_BLOCK = 0)
BUILD: [00:0000064094:PROG  ] Waiting for 1 worker threads.
BUILD: [00:0000064125:PROGC ] Saving C:\wince800\osdesigns\qemu\qemu\uafxcwce\BuildARMV7retail.dat.
BUILD: [00:0000064141:INFO  ] Done.
BUILD: [00:0000064141:PROGC ] Done.
BUILD: [00:0000064141:PROGC ]                        Files  Warnings  Errors
BUILD: [00:0000064141:PROGC ] Midl                       0         0       0
BUILD: [00:0000064141:PROGC ] Message                    0         0       0
BUILD: [00:0000064141:PROGC ] Precomp Header             0         0       0
BUILD: [00:0000064141:PROGC ] Resource                   0         0       0
BUILD: [00:0000064141:PROGC ] XRPack                     0         0       0
BUILD: [00:0000064141:PROGC ] MASM                       0         0       0
BUILD: [00:0000064141:PROGC ] SHASM                      0         0       0
BUILD: [00:0000064141:PROGC ] ARMASM                     0         0       0
BUILD: [00:0000064141:PROGC ] C++                        1         4       0
BUILD: [00:0000064141:PROGC ] C                          0         0       0
BUILD: [00:0000064141:PROGC ] CheckLibs                  0         0       0
BUILD: [00:0000064141:PROGC ] Static Libraries           1        18       0
BUILD: [00:0000064141:PROGC ] Exe's                      0         0       0
BUILD: [00:0000064141:PROGC ] Dll's                      0         0       0
BUILD: [00:0000064141:PROGC ] Preprocess deffile         0         0       0
BUILD: [00:0000064141:PROGC ] Resx                       0         0       0
BUILD: [00:0000064141:PROGC ] CSharp Compile             0         0       0
BUILD: [00:0000064141:PROGC ] VCProj Compile             0         0       0
BUILD: [00:0000064141:PROGC ] NETCF Build                0         0       0
BUILD: [00:0000064141:PROGC ] Localization               0         0       0
BUILD: [00:0000064141:PROGC ] Other                      0        15       0
BUILD: [00:0000064141:PROGC ] 
BUILD: [00:0000064141:PROGC ] Total                      2        37       0
BUILD: [00:0000064157:PROGC ] 
BUILD: [00:0000064157:PROGC ] 37 Warnings,  0 Errors
BUILD: [00:0000064157:PROGC ] GetSystemTimes (seconds): Idle: 40    Kernel: 67    User: 60   
BUILD: [00:0000064172:PROGC ] Elapsed  time  (seconds): 64   
